char,codepoint,name,block
ğ’€€,U+12000,CUNEIFORM SIGN A,Cuneiform
ğ’€,U+12001,CUNEIFORM SIGN A TIMES A,Cuneiform
ğ’€‚,U+12002,CUNEIFORM SIGN A TIMES BAD,Cuneiform
ğ’€ƒ,U+12003,CUNEIFORM SIGN A TIMES GAN2 TENU,Cuneiform
ğ’€„,U+12004,CUNEIFORM SIGN A TIMES HA,Cuneiform
ğ’€…,U+12005,CUNEIFORM SIGN A TIMES IGI,Cuneiform
ğ’€†,U+12006,CUNEIFORM SIGN A TIMES LAGAR GUNU,Cuneiform
ğ’€‡,U+12007,CUNEIFORM SIGN A TIMES MUSH,Cuneiform
ğ’€ˆ,U+12008,CUNEIFORM SIGN A TIMES SAG,Cuneiform
ğ’€‰,U+12009,CUNEIFORM SIGN A2,Cuneiform
ğ’€Š,U+1200A,CUNEIFORM SIGN AB,Cuneiform
ğ’€‹,U+1200B,CUNEIFORM SIGN AB TIMES ASH2,Cuneiform
ğ’€Œ,U+1200C,CUNEIFORM SIGN AB TIMES DUN3 GUNU,Cuneiform
ğ’€,U+1200D,CUNEIFORM SIGN AB TIMES GAL,Cuneiform
ğ’€,U+1200E,CUNEIFORM SIGN AB TIMES GAN2 TENU,Cuneiform
ğ’€,U+1200F,CUNEIFORM SIGN AB TIMES HA,Cuneiform
ğ’€,U+12010,CUNEIFORM SIGN AB TIMES IGI GUNU,Cuneiform
ğ’€‘,U+12011,CUNEIFORM SIGN AB TIMES IMIN,Cuneiform
ğ’€’,U+12012,CUNEIFORM SIGN AB TIMES LAGAB,Cuneiform
ğ’€“,U+12013,CUNEIFORM SIGN AB TIMES SHESH,Cuneiform
ğ’€”,U+12014,CUNEIFORM SIGN AB TIMES U PLUS U PLUS U,Cuneiform
ğ’€•,U+12015,CUNEIFORM SIGN AB GUNU,Cuneiform
ğ’€–,U+12016,CUNEIFORM SIGN AB2,Cuneiform
ğ’€—,U+12017,CUNEIFORM SIGN AB2 TIMES BALAG,Cuneiform
ğ’€˜,U+12018,CUNEIFORM SIGN AB2 TIMES GAN2 TENU,Cuneiform
ğ’€™,U+12019,CUNEIFORM SIGN AB2 TIMES ME PLUS EN,Cuneiform
ğ’€š,U+1201A,CUNEIFORM SIGN AB2 TIMES SHA3,Cuneiform
ğ’€›,U+1201B,CUNEIFORM SIGN AB2 TIMES TAK4,Cuneiform
ğ’€œ,U+1201C,CUNEIFORM SIGN AD,Cuneiform
ğ’€,U+1201D,CUNEIFORM SIGN AK,Cuneiform
ğ’€,U+1201E,CUNEIFORM SIGN AK TIMES ERIN2,Cuneiform
ğ’€Ÿ,U+1201F,CUNEIFORM SIGN AK TIMES SHITA PLUS GISH,Cuneiform
ğ’€ ,U+12020,CUNEIFORM SIGN AL,Cuneiform
ğ’€¡,U+12021,CUNEIFORM SIGN AL TIMES AL,Cuneiform
ğ’€¢,U+12022,CUNEIFORM SIGN AL TIMES DIM2,Cuneiform
ğ’€£,U+12023,CUNEIFORM SIGN AL TIMES GISH,Cuneiform
ğ’€¤,U+12024,CUNEIFORM SIGN AL TIMES HA,Cuneiform
ğ’€¥,U+12025,CUNEIFORM SIGN AL TIMES KAD3,Cuneiform
ğ’€¦,U+12026,CUNEIFORM SIGN AL TIMES KI,Cuneiform
ğ’€§,U+12027,CUNEIFORM SIGN AL TIMES SHE,Cuneiform
ğ’€¨,U+12028,CUNEIFORM SIGN AL TIMES USH,Cuneiform
ğ’€©,U+12029,CUNEIFORM SIGN ALAN,Cuneiform
ğ’€ª,U+1202A,CUNEIFORM SIGN ALEPH,Cuneiform
ğ’€«,U+1202B,CUNEIFORM SIGN AMAR,Cuneiform
ğ’€¬,U+1202C,CUNEIFORM SIGN AMAR TIMES SHE,Cuneiform
ğ’€­,U+1202D,CUNEIFORM SIGN AN,Cuneiform
ğ’€®,U+1202E,CUNEIFORM SIGN AN OVER AN,Cuneiform
ğ’€¯,U+1202F,CUNEIFORM SIGN AN THREE TIMES,Cuneiform
ğ’€°,U+12030,CUNEIFORM SIGN AN PLUS NAGA OPPOSING AN PLUS NAGA,Cuneiform
ğ’€±,U+12031,CUNEIFORM SIGN AN PLUS NAGA SQUARED,Cuneiform
ğ’€²,U+12032,CUNEIFORM SIGN ANSHE,Cuneiform
ğ’€³,U+12033,CUNEIFORM SIGN APIN,Cuneiform
ğ’€´,U+12034,CUNEIFORM SIGN ARAD,Cuneiform
ğ’€µ,U+12035,CUNEIFORM SIGN ARAD TIMES KUR,Cuneiform
ğ’€¶,U+12036,CUNEIFORM SIGN ARKAB,Cuneiform
ğ’€·,U+12037,CUNEIFORM SIGN ASAL2,Cuneiform
ğ’€¸,U+12038,CUNEIFORM SIGN ASH,Cuneiform
ğ’€¹,U+12039,CUNEIFORM SIGN ASH ZIDA TENU,Cuneiform
ğ’€º,U+1203A,CUNEIFORM SIGN ASH KABA TENU,Cuneiform
ğ’€»,U+1203B,CUNEIFORM SIGN ASH OVER ASH TUG2 OVER TUG2 TUG2 OVER TUG2 PAP,Cuneiform
ğ’€¼,U+1203C,CUNEIFORM SIGN ASH OVER ASH OVER ASH,Cuneiform
ğ’€½,U+1203D,CUNEIFORM SIGN ASH OVER ASH OVER ASH CROSSING ASH OVER ASH OVER ASH,Cuneiform
ğ’€¾,U+1203E,CUNEIFORM SIGN ASH2,Cuneiform
ğ’€¿,U+1203F,CUNEIFORM SIGN ASHGAB,Cuneiform
ğ’€,U+12040,CUNEIFORM SIGN BA,Cuneiform
ğ’,U+12041,CUNEIFORM SIGN BAD,Cuneiform
ğ’‚,U+12042,CUNEIFORM SIGN BAG3,Cuneiform
ğ’ƒ,U+12043,CUNEIFORM SIGN BAHAR2,Cuneiform
ğ’„,U+12044,CUNEIFORM SIGN BAL,Cuneiform
ğ’…,U+12045,CUNEIFORM SIGN BAL OVER BAL,Cuneiform
ğ’†,U+12046,CUNEIFORM SIGN BALAG,Cuneiform
ğ’‡,U+12047,CUNEIFORM SIGN BAR,Cuneiform
ğ’ˆ,U+12048,CUNEIFORM SIGN BARA2,Cuneiform
ğ’‰,U+12049,CUNEIFORM SIGN BI,Cuneiform
ğ’Š,U+1204A,CUNEIFORM SIGN BI TIMES A,Cuneiform
ğ’‹,U+1204B,CUNEIFORM SIGN BI TIMES GAR,Cuneiform
ğ’Œ,U+1204C,CUNEIFORM SIGN BI TIMES IGI GUNU,Cuneiform
ğ’,U+1204D,CUNEIFORM SIGN BU,Cuneiform
ğ’,U+1204E,CUNEIFORM SIGN BU OVER BU AB,Cuneiform
ğ’,U+1204F,CUNEIFORM SIGN BU OVER BU UN,Cuneiform
ğ’,U+12050,CUNEIFORM SIGN BU CROSSING BU,Cuneiform
ğ’‘,U+12051,CUNEIFORM SIGN BULUG,Cuneiform
ğ’’,U+12052,CUNEIFORM SIGN BULUG OVER BULUG,Cuneiform
ğ’“,U+12053,CUNEIFORM SIGN BUR,Cuneiform
ğ’”,U+12054,CUNEIFORM SIGN BUR2,Cuneiform
ğ’•,U+12055,CUNEIFORM SIGN DA,Cuneiform
ğ’–,U+12056,CUNEIFORM SIGN DAG,Cuneiform
ğ’—,U+12057,CUNEIFORM SIGN DAG KISIM5 TIMES A PLUS MASH,Cuneiform
ğ’˜,U+12058,CUNEIFORM SIGN DAG KISIM5 TIMES AMAR,Cuneiform
ğ’™,U+12059,CUNEIFORM SIGN DAG KISIM5 TIMES BALAG,Cuneiform
ğ’š,U+1205A,CUNEIFORM SIGN DAG KISIM5 TIMES BI,Cuneiform
ğ’›,U+1205B,CUNEIFORM SIGN DAG KISIM5 TIMES GA,Cuneiform
ğ’œ,U+1205C,CUNEIFORM SIGN DAG KISIM5 TIMES GA PLUS MASH,Cuneiform
ğ’,U+1205D,CUNEIFORM SIGN DAG KISIM5 TIMES GI,Cuneiform
ğ’,U+1205E,CUNEIFORM SIGN DAG KISIM5 TIMES GIR2,Cuneiform
ğ’Ÿ,U+1205F,CUNEIFORM SIGN DAG KISIM5 TIMES GUD,Cuneiform
ğ’ ,U+12060,CUNEIFORM SIGN DAG KISIM5 TIMES HA,Cuneiform
ğ’¡,U+12061,CUNEIFORM SIGN DAG KISIM5 TIMES IR,Cuneiform
ğ’¢,U+12062,CUNEIFORM SIGN DAG KISIM5 TIMES IR PLUS LU,Cuneiform
ğ’£,U+12063,CUNEIFORM SIGN DAG KISIM5 TIMES KAK,Cuneiform
ğ’¤,U+12064,CUNEIFORM SIGN DAG KISIM5 TIMES LA,Cuneiform
ğ’¥,U+12065,CUNEIFORM SIGN DAG KISIM5 TIMES LU,Cuneiform
ğ’¦,U+12066,CUNEIFORM SIGN DAG KISIM5 TIMES LU PLUS MASH2,Cuneiform
ğ’§,U+12067,CUNEIFORM SIGN DAG KISIM5 TIMES LUM,Cuneiform
ğ’¨,U+12068,CUNEIFORM SIGN DAG KISIM5 TIMES NE,Cuneiform
ğ’©,U+12069,CUNEIFORM SIGN DAG KISIM5 TIMES PAP PLUS PAP,Cuneiform
ğ’ª,U+1206A,CUNEIFORM SIGN DAG KISIM5 TIMES SI,Cuneiform
ğ’«,U+1206B,CUNEIFORM SIGN DAG KISIM5 TIMES TAK4,Cuneiform
ğ’¬,U+1206C,CUNEIFORM SIGN DAG KISIM5 TIMES U2 PLUS GIR2,Cuneiform
ğ’­,U+1206D,CUNEIFORM SIGN DAG KISIM5 TIMES USH,Cuneiform
ğ’®,U+1206E,CUNEIFORM SIGN DAM,Cuneiform
ğ’¯,U+1206F,CUNEIFORM SIGN DAR,Cuneiform
ğ’°,U+12070,CUNEIFORM SIGN DARA3,Cuneiform
ğ’±,U+12071,CUNEIFORM SIGN DARA4,Cuneiform
ğ’²,U+12072,CUNEIFORM SIGN DI,Cuneiform
ğ’³,U+12073,CUNEIFORM SIGN DIB,Cuneiform
ğ’´,U+12074,CUNEIFORM SIGN DIM,Cuneiform
ğ’µ,U+12075,CUNEIFORM SIGN DIM TIMES SHE,Cuneiform
ğ’¶,U+12076,CUNEIFORM SIGN DIM2,Cuneiform
ğ’·,U+12077,CUNEIFORM SIGN DIN,Cuneiform
ğ’¸,U+12078,CUNEIFORM SIGN DIN KASKAL U GUNU DISH,Cuneiform
ğ’¹,U+12079,CUNEIFORM SIGN DISH,Cuneiform
ğ’º,U+1207A,CUNEIFORM SIGN DU,Cuneiform
ğ’»,U+1207B,CUNEIFORM SIGN DU OVER DU,Cuneiform
ğ’¼,U+1207C,CUNEIFORM SIGN DU GUNU,Cuneiform
ğ’½,U+1207D,CUNEIFORM SIGN DU SHESHIG,Cuneiform
ğ’¾,U+1207E,CUNEIFORM SIGN DUB,Cuneiform
ğ’¿,U+1207F,CUNEIFORM SIGN DUB TIMES ESH2,Cuneiform
ğ’‚€,U+12080,CUNEIFORM SIGN DUB2,Cuneiform
ğ’‚,U+12081,CUNEIFORM SIGN DUG,Cuneiform
ğ’‚‚,U+12082,CUNEIFORM SIGN DUGUD,Cuneiform
ğ’‚ƒ,U+12083,CUNEIFORM SIGN DUH,Cuneiform
ğ’‚„,U+12084,CUNEIFORM SIGN DUN,Cuneiform
ğ’‚…,U+12085,CUNEIFORM SIGN DUN3,Cuneiform
ğ’‚†,U+12086,CUNEIFORM SIGN DUN3 GUNU,Cuneiform
ğ’‚‡,U+12087,CUNEIFORM SIGN DUN3 GUNU GUNU,Cuneiform
ğ’‚ˆ,U+12088,CUNEIFORM SIGN DUN4,Cuneiform
ğ’‚‰,U+12089,CUNEIFORM SIGN DUR2,Cuneiform
ğ’‚Š,U+1208A,CUNEIFORM SIGN E,Cuneiform
ğ’‚‹,U+1208B,CUNEIFORM SIGN E TIMES PAP,Cuneiform
ğ’‚Œ,U+1208C,CUNEIFORM SIGN E OVER E NUN OVER NUN,Cuneiform
ğ’‚,U+1208D,CUNEIFORM SIGN E2,Cuneiform
ğ’‚,U+1208E,CUNEIFORM SIGN E2 TIMES A PLUS HA PLUS DA,Cuneiform
ğ’‚,U+1208F,CUNEIFORM SIGN E2 TIMES GAR,Cuneiform
ğ’‚,U+12090,CUNEIFORM SIGN E2 TIMES MI,Cuneiform
ğ’‚‘,U+12091,CUNEIFORM SIGN E2 TIMES SAL,Cuneiform
ğ’‚’,U+12092,CUNEIFORM SIGN E2 TIMES SHE,Cuneiform
ğ’‚“,U+12093,CUNEIFORM SIGN E2 TIMES U,Cuneiform
ğ’‚”,U+12094,CUNEIFORM SIGN EDIN,Cuneiform
ğ’‚•,U+12095,CUNEIFORM SIGN EGIR,Cuneiform
ğ’‚–,U+12096,CUNEIFORM SIGN EL,Cuneiform
ğ’‚—,U+12097,CUNEIFORM SIGN EN,Cuneiform
ğ’‚˜,U+12098,CUNEIFORM SIGN EN TIMES GAN2,Cuneiform
ğ’‚™,U+12099,CUNEIFORM SIGN EN TIMES GAN2 TENU,Cuneiform
ğ’‚š,U+1209A,CUNEIFORM SIGN EN TIMES ME,Cuneiform
ğ’‚›,U+1209B,CUNEIFORM SIGN EN CROSSING EN,Cuneiform
ğ’‚œ,U+1209C,CUNEIFORM SIGN EN OPPOSING EN,Cuneiform
ğ’‚,U+1209D,CUNEIFORM SIGN EN SQUARED,Cuneiform
ğ’‚,U+1209E,CUNEIFORM SIGN EREN,Cuneiform
ğ’‚Ÿ,U+1209F,CUNEIFORM SIGN ERIN2,Cuneiform
ğ’‚ ,U+120A0,CUNEIFORM SIGN ESH2,Cuneiform
ğ’‚¡,U+120A1,CUNEIFORM SIGN EZEN,Cuneiform
ğ’‚¢,U+120A2,CUNEIFORM SIGN EZEN TIMES A,Cuneiform
ğ’‚£,U+120A3,CUNEIFORM SIGN EZEN TIMES A PLUS LAL,Cuneiform
ğ’‚¤,U+120A4,CUNEIFORM SIGN EZEN TIMES A PLUS LAL TIMES LAL,Cuneiform
ğ’‚¥,U+120A5,CUNEIFORM SIGN EZEN TIMES AN,Cuneiform
ğ’‚¦,U+120A6,CUNEIFORM SIGN EZEN TIMES BAD,Cuneiform
ğ’‚§,U+120A7,CUNEIFORM SIGN EZEN TIMES DUN3 GUNU,Cuneiform
ğ’‚¨,U+120A8,CUNEIFORM SIGN EZEN TIMES DUN3 GUNU GUNU,Cuneiform
ğ’‚©,U+120A9,CUNEIFORM SIGN EZEN TIMES HA,Cuneiform
ğ’‚ª,U+120AA,CUNEIFORM SIGN EZEN TIMES HA GUNU,Cuneiform
ğ’‚«,U+120AB,CUNEIFORM SIGN EZEN TIMES IGI GUNU,Cuneiform
ğ’‚¬,U+120AC,CUNEIFORM SIGN EZEN TIMES KASKAL,Cuneiform
ğ’‚­,U+120AD,CUNEIFORM SIGN EZEN TIMES KASKAL SQUARED,Cuneiform
ğ’‚®,U+120AE,CUNEIFORM SIGN EZEN TIMES KU3,Cuneiform
ğ’‚¯,U+120AF,CUNEIFORM SIGN EZEN TIMES LA,Cuneiform
ğ’‚°,U+120B0,CUNEIFORM SIGN EZEN TIMES LAL TIMES LAL,Cuneiform
ğ’‚±,U+120B1,CUNEIFORM SIGN EZEN TIMES LI,Cuneiform
ğ’‚²,U+120B2,CUNEIFORM SIGN EZEN TIMES LU,Cuneiform
ğ’‚³,U+120B3,CUNEIFORM SIGN EZEN TIMES U2,Cuneiform
ğ’‚´,U+120B4,CUNEIFORM SIGN EZEN TIMES UD,Cuneiform
ğ’‚µ,U+120B5,CUNEIFORM SIGN GA,Cuneiform
ğ’‚¶,U+120B6,CUNEIFORM SIGN GA GUNU,Cuneiform
ğ’‚·,U+120B7,CUNEIFORM SIGN GA2,Cuneiform
ğ’‚¸,U+120B8,CUNEIFORM SIGN GA2 TIMES A PLUS DA PLUS HA,Cuneiform
ğ’‚¹,U+120B9,CUNEIFORM SIGN GA2 TIMES A PLUS HA,Cuneiform
ğ’‚º,U+120BA,CUNEIFORM SIGN GA2 TIMES A PLUS IGI,Cuneiform
ğ’‚»,U+120BB,CUNEIFORM SIGN GA2 TIMES AB2 TENU PLUS TAB,Cuneiform
ğ’‚¼,U+120BC,CUNEIFORM SIGN GA2 TIMES AN,Cuneiform
ğ’‚½,U+120BD,CUNEIFORM SIGN GA2 TIMES ASH,Cuneiform
ğ’‚¾,U+120BE,CUNEIFORM SIGN GA2 TIMES ASH2 PLUS GAL,Cuneiform
ğ’‚¿,U+120BF,CUNEIFORM SIGN GA2 TIMES BAD,Cuneiform
ğ’ƒ€,U+120C0,CUNEIFORM SIGN GA2 TIMES BAR PLUS RA,Cuneiform
ğ’ƒ,U+120C1,CUNEIFORM SIGN GA2 TIMES BUR,Cuneiform
ğ’ƒ‚,U+120C2,CUNEIFORM SIGN GA2 TIMES BUR PLUS RA,Cuneiform
ğ’ƒƒ,U+120C3,CUNEIFORM SIGN GA2 TIMES DA,Cuneiform
ğ’ƒ„,U+120C4,CUNEIFORM SIGN GA2 TIMES DI,Cuneiform
ğ’ƒ…,U+120C5,CUNEIFORM SIGN GA2 TIMES DIM TIMES SHE,Cuneiform
ğ’ƒ†,U+120C6,CUNEIFORM SIGN GA2 TIMES DUB,Cuneiform
ğ’ƒ‡,U+120C7,CUNEIFORM SIGN GA2 TIMES EL,Cuneiform
ğ’ƒˆ,U+120C8,CUNEIFORM SIGN GA2 TIMES EL PLUS LA,Cuneiform
ğ’ƒ‰,U+120C9,CUNEIFORM SIGN GA2 TIMES EN,Cuneiform
ğ’ƒŠ,U+120CA,CUNEIFORM SIGN GA2 TIMES EN TIMES GAN2 TENU,Cuneiform
ğ’ƒ‹,U+120CB,CUNEIFORM SIGN GA2 TIMES GAN2 TENU,Cuneiform
ğ’ƒŒ,U+120CC,CUNEIFORM SIGN GA2 TIMES GAR,Cuneiform
ğ’ƒ,U+120CD,CUNEIFORM SIGN GA2 TIMES GI,Cuneiform
ğ’ƒ,U+120CE,CUNEIFORM SIGN GA2 TIMES GI4,Cuneiform
ğ’ƒ,U+120CF,CUNEIFORM SIGN GA2 TIMES GI4 PLUS A,Cuneiform
ğ’ƒ,U+120D0,CUNEIFORM SIGN GA2 TIMES GIR2 PLUS SU,Cuneiform
ğ’ƒ‘,U+120D1,CUNEIFORM SIGN GA2 TIMES HA PLUS LU PLUS ESH2,Cuneiform
ğ’ƒ’,U+120D2,CUNEIFORM SIGN GA2 TIMES HAL,Cuneiform
ğ’ƒ“,U+120D3,CUNEIFORM SIGN GA2 TIMES HAL PLUS LA,Cuneiform
ğ’ƒ”,U+120D4,CUNEIFORM SIGN GA2 TIMES HI PLUS LI,Cuneiform
ğ’ƒ•,U+120D5,CUNEIFORM SIGN GA2 TIMES HUB2,Cuneiform
ğ’ƒ–,U+120D6,CUNEIFORM SIGN GA2 TIMES IGI GUNU,Cuneiform
ğ’ƒ—,U+120D7,CUNEIFORM SIGN GA2 TIMES ISH PLUS HU PLUS ASH,Cuneiform
ğ’ƒ˜,U+120D8,CUNEIFORM SIGN GA2 TIMES KAK,Cuneiform
ğ’ƒ™,U+120D9,CUNEIFORM SIGN GA2 TIMES KASKAL,Cuneiform
ğ’ƒš,U+120DA,CUNEIFORM SIGN GA2 TIMES KID,Cuneiform
ğ’ƒ›,U+120DB,CUNEIFORM SIGN GA2 TIMES KID PLUS LAL,Cuneiform
ğ’ƒœ,U+120DC,CUNEIFORM SIGN GA2 TIMES KU3 PLUS AN,Cuneiform
ğ’ƒ,U+120DD,CUNEIFORM SIGN GA2 TIMES LA,Cuneiform
ğ’ƒ,U+120DE,CUNEIFORM SIGN GA2 TIMES ME PLUS EN,Cuneiform
ğ’ƒŸ,U+120DF,CUNEIFORM SIGN GA2 TIMES MI,Cuneiform
ğ’ƒ ,U+120E0,CUNEIFORM SIGN GA2 TIMES NUN,Cuneiform
ğ’ƒ¡,U+120E1,CUNEIFORM SIGN GA2 TIMES NUN OVER NUN,Cuneiform
ğ’ƒ¢,U+120E2,CUNEIFORM SIGN GA2 TIMES PA,Cuneiform
ğ’ƒ£,U+120E3,CUNEIFORM SIGN GA2 TIMES SAL,Cuneiform
ğ’ƒ¤,U+120E4,CUNEIFORM SIGN GA2 TIMES SAR,Cuneiform
ğ’ƒ¥,U+120E5,CUNEIFORM SIGN GA2 TIMES SHE,Cuneiform
ğ’ƒ¦,U+120E6,CUNEIFORM SIGN GA2 TIMES SHE PLUS TUR,Cuneiform
ğ’ƒ§,U+120E7,CUNEIFORM SIGN GA2 TIMES SHID,Cuneiform
ğ’ƒ¨,U+120E8,CUNEIFORM SIGN GA2 TIMES SUM,Cuneiform
ğ’ƒ©,U+120E9,CUNEIFORM SIGN GA2 TIMES TAK4,Cuneiform
ğ’ƒª,U+120EA,CUNEIFORM SIGN GA2 TIMES U,Cuneiform
ğ’ƒ«,U+120EB,CUNEIFORM SIGN GA2 TIMES UD,Cuneiform
ğ’ƒ¬,U+120EC,CUNEIFORM SIGN GA2 TIMES UD PLUS DU,Cuneiform
ğ’ƒ­,U+120ED,CUNEIFORM SIGN GA2 OVER GA2,Cuneiform
ğ’ƒ®,U+120EE,CUNEIFORM SIGN GABA,Cuneiform
ğ’ƒ¯,U+120EF,CUNEIFORM SIGN GABA CROSSING GABA,Cuneiform
ğ’ƒ°,U+120F0,CUNEIFORM SIGN GAD,Cuneiform
ğ’ƒ±,U+120F1,CUNEIFORM SIGN GAD OVER GAD GAR OVER GAR,Cuneiform
ğ’ƒ²,U+120F2,CUNEIFORM SIGN GAL,Cuneiform
ğ’ƒ³,U+120F3,CUNEIFORM SIGN GAL GAD OVER GAD GAR OVER GAR,Cuneiform
ğ’ƒ´,U+120F4,CUNEIFORM SIGN GALAM,Cuneiform
ğ’ƒµ,U+120F5,CUNEIFORM SIGN GAM,Cuneiform
ğ’ƒ¶,U+120F6,CUNEIFORM SIGN GAN,Cuneiform
ğ’ƒ·,U+120F7,CUNEIFORM SIGN GAN2,Cuneiform
ğ’ƒ¸,U+120F8,CUNEIFORM SIGN GAN2 TENU,Cuneiform
ğ’ƒ¹,U+120F9,CUNEIFORM SIGN GAN2 OVER GAN2,Cuneiform
ğ’ƒº,U+120FA,CUNEIFORM SIGN GAN2 CROSSING GAN2,Cuneiform
ğ’ƒ»,U+120FB,CUNEIFORM SIGN GAR,Cuneiform
ğ’ƒ¼,U+120FC,CUNEIFORM SIGN GAR3,Cuneiform
ğ’ƒ½,U+120FD,CUNEIFORM SIGN GASHAN,Cuneiform
ğ’ƒ¾,U+120FE,CUNEIFORM SIGN GESHTIN,Cuneiform
ğ’ƒ¿,U+120FF,CUNEIFORM SIGN GESHTIN TIMES KUR,Cuneiform
ğ’„€,U+12100,CUNEIFORM SIGN GI,Cuneiform
ğ’„,U+12101,CUNEIFORM SIGN GI TIMES E,Cuneiform
ğ’„‚,U+12102,CUNEIFORM SIGN GI TIMES U,Cuneiform
ğ’„ƒ,U+12103,CUNEIFORM SIGN GI CROSSING GI,Cuneiform
ğ’„„,U+12104,CUNEIFORM SIGN GI4,Cuneiform
ğ’„…,U+12105,CUNEIFORM SIGN GI4 OVER GI4,Cuneiform
ğ’„†,U+12106,CUNEIFORM SIGN GI4 CROSSING GI4,Cuneiform
ğ’„‡,U+12107,CUNEIFORM SIGN GIDIM,Cuneiform
ğ’„ˆ,U+12108,CUNEIFORM SIGN GIR2,Cuneiform
ğ’„‰,U+12109,CUNEIFORM SIGN GIR2 GUNU,Cuneiform
ğ’„Š,U+1210A,CUNEIFORM SIGN GIR3,Cuneiform
ğ’„‹,U+1210B,CUNEIFORM SIGN GIR3 TIMES A PLUS IGI,Cuneiform
ğ’„Œ,U+1210C,CUNEIFORM SIGN GIR3 TIMES GAN2 TENU,Cuneiform
ğ’„,U+1210D,CUNEIFORM SIGN GIR3 TIMES IGI,Cuneiform
ğ’„,U+1210E,CUNEIFORM SIGN GIR3 TIMES LU PLUS IGI,Cuneiform
ğ’„,U+1210F,CUNEIFORM SIGN GIR3 TIMES PA,Cuneiform
ğ’„,U+12110,CUNEIFORM SIGN GISAL,Cuneiform
ğ’„‘,U+12111,CUNEIFORM SIGN GISH,Cuneiform
ğ’„’,U+12112,CUNEIFORM SIGN GISH CROSSING GISH,Cuneiform
ğ’„“,U+12113,CUNEIFORM SIGN GISH TIMES BAD,Cuneiform
ğ’„”,U+12114,CUNEIFORM SIGN GISH TIMES TAK4,Cuneiform
ğ’„•,U+12115,CUNEIFORM SIGN GISH TENU,Cuneiform
ğ’„–,U+12116,CUNEIFORM SIGN GU,Cuneiform
ğ’„—,U+12117,CUNEIFORM SIGN GU CROSSING GU,Cuneiform
ğ’„˜,U+12118,CUNEIFORM SIGN GU2,Cuneiform
ğ’„™,U+12119,CUNEIFORM SIGN GU2 TIMES KAK,Cuneiform
ğ’„š,U+1211A,CUNEIFORM SIGN GU2 TIMES KAK TIMES IGI GUNU,Cuneiform
ğ’„›,U+1211B,CUNEIFORM SIGN GU2 TIMES NUN,Cuneiform
ğ’„œ,U+1211C,CUNEIFORM SIGN GU2 TIMES SAL PLUS TUG2,Cuneiform
ğ’„,U+1211D,CUNEIFORM SIGN GU2 GUNU,Cuneiform
ğ’„,U+1211E,CUNEIFORM SIGN GUD,Cuneiform
ğ’„Ÿ,U+1211F,CUNEIFORM SIGN GUD TIMES A PLUS KUR,Cuneiform
ğ’„ ,U+12120,CUNEIFORM SIGN GUD TIMES KUR,Cuneiform
ğ’„¡,U+12121,CUNEIFORM SIGN GUD OVER GUD LUGAL,Cuneiform
ğ’„¢,U+12122,CUNEIFORM SIGN GUL,Cuneiform
ğ’„£,U+12123,CUNEIFORM SIGN GUM,Cuneiform
ğ’„¤,U+12124,CUNEIFORM SIGN GUM TIMES SHE,Cuneiform
ğ’„¥,U+12125,CUNEIFORM SIGN GUR,Cuneiform
ğ’„¦,U+12126,CUNEIFORM SIGN GUR7,Cuneiform
ğ’„§,U+12127,CUNEIFORM SIGN GURUN,Cuneiform
ğ’„¨,U+12128,CUNEIFORM SIGN GURUSH,Cuneiform
ğ’„©,U+12129,CUNEIFORM SIGN HA,Cuneiform
ğ’„ª,U+1212A,CUNEIFORM SIGN HA TENU,Cuneiform
ğ’„«,U+1212B,CUNEIFORM SIGN HA GUNU,Cuneiform
ğ’„¬,U+1212C,CUNEIFORM SIGN HAL,Cuneiform
ğ’„­,U+1212D,CUNEIFORM SIGN HI,Cuneiform
ğ’„®,U+1212E,CUNEIFORM SIGN HI TIMES ASH,Cuneiform
ğ’„¯,U+1212F,CUNEIFORM SIGN HI TIMES ASH2,Cuneiform
ğ’„°,U+12130,CUNEIFORM SIGN HI TIMES BAD,Cuneiform
ğ’„±,U+12131,CUNEIFORM SIGN HI TIMES DISH,Cuneiform
ğ’„²,U+12132,CUNEIFORM SIGN HI TIMES GAD,Cuneiform
ğ’„³,U+12133,CUNEIFORM SIGN HI TIMES KIN,Cuneiform
ğ’„´,U+12134,CUNEIFORM SIGN HI TIMES NUN,Cuneiform
ğ’„µ,U+12135,CUNEIFORM SIGN HI TIMES SHE,Cuneiform
ğ’„¶,U+12136,CUNEIFORM SIGN HI TIMES U,Cuneiform
ğ’„·,U+12137,CUNEIFORM SIGN HU,Cuneiform
ğ’„¸,U+12138,CUNEIFORM SIGN HUB2,Cuneiform
ğ’„¹,U+12139,CUNEIFORM SIGN HUB2 TIMES AN,Cuneiform
ğ’„º,U+1213A,CUNEIFORM SIGN HUB2 TIMES HAL,Cuneiform
ğ’„»,U+1213B,CUNEIFORM SIGN HUB2 TIMES KASKAL,Cuneiform
ğ’„¼,U+1213C,CUNEIFORM SIGN HUB2 TIMES LISH,Cuneiform
ğ’„½,U+1213D,CUNEIFORM SIGN HUB2 TIMES UD,Cuneiform
ğ’„¾,U+1213E,CUNEIFORM SIGN HUL2,Cuneiform
ğ’„¿,U+1213F,CUNEIFORM SIGN I,Cuneiform
ğ’…€,U+12140,CUNEIFORM SIGN I A,Cuneiform
ğ’…,U+12141,CUNEIFORM SIGN IB,Cuneiform
ğ’…‚,U+12142,CUNEIFORM SIGN IDIM,Cuneiform
ğ’…ƒ,U+12143,CUNEIFORM SIGN IDIM OVER IDIM BUR,Cuneiform
ğ’…„,U+12144,CUNEIFORM SIGN IDIM OVER IDIM SQUARED,Cuneiform
ğ’……,U+12145,CUNEIFORM SIGN IG,Cuneiform
ğ’…†,U+12146,CUNEIFORM SIGN IGI,Cuneiform
ğ’…‡,U+12147,CUNEIFORM SIGN IGI DIB,Cuneiform
ğ’…ˆ,U+12148,CUNEIFORM SIGN IGI RI,Cuneiform
ğ’…‰,U+12149,CUNEIFORM SIGN IGI OVER IGI SHIR OVER SHIR UD OVER UD,Cuneiform
ğ’…Š,U+1214A,CUNEIFORM SIGN IGI GUNU,Cuneiform
ğ’…‹,U+1214B,CUNEIFORM SIGN IL,Cuneiform
ğ’…Œ,U+1214C,CUNEIFORM SIGN IL TIMES GAN2 TENU,Cuneiform
ğ’…,U+1214D,CUNEIFORM SIGN IL2,Cuneiform
ğ’…,U+1214E,CUNEIFORM SIGN IM,Cuneiform
ğ’…,U+1214F,CUNEIFORM SIGN IM TIMES TAK4,Cuneiform
ğ’…,U+12150,CUNEIFORM SIGN IM CROSSING IM,Cuneiform
ğ’…‘,U+12151,CUNEIFORM SIGN IM OPPOSING IM,Cuneiform
ğ’…’,U+12152,CUNEIFORM SIGN IM SQUARED,Cuneiform
ğ’…“,U+12153,CUNEIFORM SIGN IMIN,Cuneiform
ğ’…”,U+12154,CUNEIFORM SIGN IN,Cuneiform
ğ’…•,U+12155,CUNEIFORM SIGN IR,Cuneiform
ğ’…–,U+12156,CUNEIFORM SIGN ISH,Cuneiform
ğ’…—,U+12157,CUNEIFORM SIGN KA,Cuneiform
ğ’…˜,U+12158,CUNEIFORM SIGN KA TIMES A,Cuneiform
ğ’…™,U+12159,CUNEIFORM SIGN KA TIMES AD,Cuneiform
ğ’…š,U+1215A,CUNEIFORM SIGN KA TIMES AD PLUS KU3,Cuneiform
ğ’…›,U+1215B,CUNEIFORM SIGN KA TIMES ASH2,Cuneiform
ğ’…œ,U+1215C,CUNEIFORM SIGN KA TIMES BAD,Cuneiform
ğ’…,U+1215D,CUNEIFORM SIGN KA TIMES BALAG,Cuneiform
ğ’…,U+1215E,CUNEIFORM SIGN KA TIMES BAR,Cuneiform
ğ’…Ÿ,U+1215F,CUNEIFORM SIGN KA TIMES BI,Cuneiform
ğ’… ,U+12160,CUNEIFORM SIGN KA TIMES ERIN2,Cuneiform
ğ’…¡,U+12161,CUNEIFORM SIGN KA TIMES ESH2,Cuneiform
ğ’…¢,U+12162,CUNEIFORM SIGN KA TIMES GA,Cuneiform
ğ’…£,U+12163,CUNEIFORM SIGN KA TIMES GAL,Cuneiform
ğ’…¤,U+12164,CUNEIFORM SIGN KA TIMES GAN2 TENU,Cuneiform
ğ’…¥,U+12165,CUNEIFORM SIGN KA TIMES GAR,Cuneiform
ğ’…¦,U+12166,CUNEIFORM SIGN KA TIMES GAR PLUS SHA3 PLUS A,Cuneiform
ğ’…§,U+12167,CUNEIFORM SIGN KA TIMES GI,Cuneiform
ğ’…¨,U+12168,CUNEIFORM SIGN KA TIMES GIR2,Cuneiform
ğ’…©,U+12169,CUNEIFORM SIGN KA TIMES GISH PLUS SAR,Cuneiform
ğ’…ª,U+1216A,CUNEIFORM SIGN KA TIMES GISH CROSSING GISH,Cuneiform
ğ’…«,U+1216B,CUNEIFORM SIGN KA TIMES GU,Cuneiform
ğ’…¬,U+1216C,CUNEIFORM SIGN KA TIMES GUR7,Cuneiform
ğ’…­,U+1216D,CUNEIFORM SIGN KA TIMES IGI,Cuneiform
ğ’…®,U+1216E,CUNEIFORM SIGN KA TIMES IM,Cuneiform
ğ’…¯,U+1216F,CUNEIFORM SIGN KA TIMES KAK,Cuneiform
ğ’…°,U+12170,CUNEIFORM SIGN KA TIMES KI,Cuneiform
ğ’…±,U+12171,CUNEIFORM SIGN KA TIMES KID,Cuneiform
ğ’…²,U+12172,CUNEIFORM SIGN KA TIMES LI,Cuneiform
ğ’…³,U+12173,CUNEIFORM SIGN KA TIMES LU,Cuneiform
ğ’…´,U+12174,CUNEIFORM SIGN KA TIMES ME,Cuneiform
ğ’…µ,U+12175,CUNEIFORM SIGN KA TIMES ME PLUS DU,Cuneiform
ğ’…¶,U+12176,CUNEIFORM SIGN KA TIMES ME PLUS GI,Cuneiform
ğ’…·,U+12177,CUNEIFORM SIGN KA TIMES ME PLUS TE,Cuneiform
ğ’…¸,U+12178,CUNEIFORM SIGN KA TIMES MI,Cuneiform
ğ’…¹,U+12179,CUNEIFORM SIGN KA TIMES MI PLUS NUNUZ,Cuneiform
ğ’…º,U+1217A,CUNEIFORM SIGN KA TIMES NE,Cuneiform
ğ’…»,U+1217B,CUNEIFORM SIGN KA TIMES NUN,Cuneiform
ğ’…¼,U+1217C,CUNEIFORM SIGN KA TIMES PI,Cuneiform
ğ’…½,U+1217D,CUNEIFORM SIGN KA TIMES RU,Cuneiform
ğ’…¾,U+1217E,CUNEIFORM SIGN KA TIMES SA,Cuneiform
ğ’…¿,U+1217F,CUNEIFORM SIGN KA TIMES SAR,Cuneiform
ğ’†€,U+12180,CUNEIFORM SIGN KA TIMES SHA,Cuneiform
ğ’†,U+12181,CUNEIFORM SIGN KA TIMES SHE,Cuneiform
ğ’†‚,U+12182,CUNEIFORM SIGN KA TIMES SHID,Cuneiform
ğ’†ƒ,U+12183,CUNEIFORM SIGN KA TIMES SHU,Cuneiform
ğ’†„,U+12184,CUNEIFORM SIGN KA TIMES SIG,Cuneiform
ğ’†…,U+12185,CUNEIFORM SIGN KA TIMES SUHUR,Cuneiform
ğ’††,U+12186,CUNEIFORM SIGN KA TIMES TAR,Cuneiform
ğ’†‡,U+12187,CUNEIFORM SIGN KA TIMES U,Cuneiform
ğ’†ˆ,U+12188,CUNEIFORM SIGN KA TIMES U2,Cuneiform
ğ’†‰,U+12189,CUNEIFORM SIGN KA TIMES UD,Cuneiform
ğ’†Š,U+1218A,CUNEIFORM SIGN KA TIMES UMUM TIMES PA,Cuneiform
ğ’†‹,U+1218B,CUNEIFORM SIGN KA TIMES USH,Cuneiform
ğ’†Œ,U+1218C,CUNEIFORM SIGN KA TIMES ZI,Cuneiform
ğ’†,U+1218D,CUNEIFORM SIGN KA2,Cuneiform
ğ’†,U+1218E,CUNEIFORM SIGN KA2 CROSSING KA2,Cuneiform
ğ’†,U+1218F,CUNEIFORM SIGN KAB,Cuneiform
ğ’†,U+12190,CUNEIFORM SIGN KAD2,Cuneiform
ğ’†‘,U+12191,CUNEIFORM SIGN KAD3,Cuneiform
ğ’†’,U+12192,CUNEIFORM SIGN KAD4,Cuneiform
ğ’†“,U+12193,CUNEIFORM SIGN KAD5,Cuneiform
ğ’†”,U+12194,CUNEIFORM SIGN KAD5 OVER KAD5,Cuneiform
ğ’†•,U+12195,CUNEIFORM SIGN KAK,Cuneiform
ğ’†–,U+12196,CUNEIFORM SIGN KAK TIMES IGI GUNU,Cuneiform
ğ’†—,U+12197,CUNEIFORM SIGN KAL,Cuneiform
ğ’†˜,U+12198,CUNEIFORM SIGN KAL TIMES BAD,Cuneiform
ğ’†™,U+12199,CUNEIFORM SIGN KAL CROSSING KAL,Cuneiform
ğ’†š,U+1219A,CUNEIFORM SIGN KAM2,Cuneiform
ğ’†›,U+1219B,CUNEIFORM SIGN KAM4,Cuneiform
ğ’†œ,U+1219C,CUNEIFORM SIGN KASKAL,Cuneiform
ğ’†,U+1219D,CUNEIFORM SIGN KASKAL LAGAB TIMES U OVER LAGAB TIMES U,Cuneiform
ğ’†,U+1219E,CUNEIFORM SIGN KASKAL OVER KASKAL LAGAB TIMES U OVER LAGAB TIMES U,Cuneiform
ğ’†Ÿ,U+1219F,CUNEIFORM SIGN KESH2,Cuneiform
ğ’† ,U+121A0,CUNEIFORM SIGN KI,Cuneiform
ğ’†¡,U+121A1,CUNEIFORM SIGN KI TIMES BAD,Cuneiform
ğ’†¢,U+121A2,CUNEIFORM SIGN KI TIMES U,Cuneiform
ğ’†£,U+121A3,CUNEIFORM SIGN KI TIMES UD,Cuneiform
ğ’†¤,U+121A4,CUNEIFORM SIGN KID,Cuneiform
ğ’†¥,U+121A5,CUNEIFORM SIGN KIN,Cuneiform
ğ’†¦,U+121A6,CUNEIFORM SIGN KISAL,Cuneiform
ğ’†§,U+121A7,CUNEIFORM SIGN KISH,Cuneiform
ğ’†¨,U+121A8,CUNEIFORM SIGN KISIM5,Cuneiform
ğ’†©,U+121A9,CUNEIFORM SIGN KISIM5 OVER KISIM5,Cuneiform
ğ’†ª,U+121AA,CUNEIFORM SIGN KU,Cuneiform
ğ’†«,U+121AB,CUNEIFORM SIGN KU OVER HI TIMES ASH2 KU OVER HI TIMES ASH2,Cuneiform
ğ’†¬,U+121AC,CUNEIFORM SIGN KU3,Cuneiform
ğ’†­,U+121AD,CUNEIFORM SIGN KU4,Cuneiform
ğ’†®,U+121AE,CUNEIFORM SIGN KU4 VARIANT FORM,Cuneiform
ğ’†¯,U+121AF,CUNEIFORM SIGN KU7,Cuneiform
ğ’†°,U+121B0,CUNEIFORM SIGN KUL,Cuneiform
ğ’†±,U+121B1,CUNEIFORM SIGN KUL GUNU,Cuneiform
ğ’†²,U+121B2,CUNEIFORM SIGN KUN,Cuneiform
ğ’†³,U+121B3,CUNEIFORM SIGN KUR,Cuneiform
ğ’†´,U+121B4,CUNEIFORM SIGN KUR OPPOSING KUR,Cuneiform
ğ’†µ,U+121B5,CUNEIFORM SIGN KUSHU2,Cuneiform
ğ’†¶,U+121B6,CUNEIFORM SIGN KWU318,Cuneiform
ğ’†·,U+121B7,CUNEIFORM SIGN LA,Cuneiform
ğ’†¸,U+121B8,CUNEIFORM SIGN LAGAB,Cuneiform
ğ’†¹,U+121B9,CUNEIFORM SIGN LAGAB TIMES A,Cuneiform
ğ’†º,U+121BA,CUNEIFORM SIGN LAGAB TIMES A PLUS DA PLUS HA,Cuneiform
ğ’†»,U+121BB,CUNEIFORM SIGN LAGAB TIMES A PLUS GAR,Cuneiform
ğ’†¼,U+121BC,CUNEIFORM SIGN LAGAB TIMES A PLUS LAL,Cuneiform
ğ’†½,U+121BD,CUNEIFORM SIGN LAGAB TIMES AL,Cuneiform
ğ’†¾,U+121BE,CUNEIFORM SIGN LAGAB TIMES AN,Cuneiform
ğ’†¿,U+121BF,CUNEIFORM SIGN LAGAB TIMES ASH ZIDA TENU,Cuneiform
ğ’‡€,U+121C0,CUNEIFORM SIGN LAGAB TIMES BAD,Cuneiform
ğ’‡,U+121C1,CUNEIFORM SIGN LAGAB TIMES BI,Cuneiform
ğ’‡‚,U+121C2,CUNEIFORM SIGN LAGAB TIMES DAR,Cuneiform
ğ’‡ƒ,U+121C3,CUNEIFORM SIGN LAGAB TIMES EN,Cuneiform
ğ’‡„,U+121C4,CUNEIFORM SIGN LAGAB TIMES GA,Cuneiform
ğ’‡…,U+121C5,CUNEIFORM SIGN LAGAB TIMES GAR,Cuneiform
ğ’‡†,U+121C6,CUNEIFORM SIGN LAGAB TIMES GUD,Cuneiform
ğ’‡‡,U+121C7,CUNEIFORM SIGN LAGAB TIMES GUD PLUS GUD,Cuneiform
ğ’‡ˆ,U+121C8,CUNEIFORM SIGN LAGAB TIMES HA,Cuneiform
ğ’‡‰,U+121C9,CUNEIFORM SIGN LAGAB TIMES HAL,Cuneiform
ğ’‡Š,U+121CA,CUNEIFORM SIGN LAGAB TIMES HI TIMES NUN,Cuneiform
ğ’‡‹,U+121CB,CUNEIFORM SIGN LAGAB TIMES IGI GUNU,Cuneiform
ğ’‡Œ,U+121CC,CUNEIFORM SIGN LAGAB TIMES IM,Cuneiform
ğ’‡,U+121CD,CUNEIFORM SIGN LAGAB TIMES IM PLUS HA,Cuneiform
ğ’‡,U+121CE,CUNEIFORM SIGN LAGAB TIMES IM PLUS LU,Cuneiform
ğ’‡,U+121CF,CUNEIFORM SIGN LAGAB TIMES KI,Cuneiform
ğ’‡,U+121D0,CUNEIFORM SIGN LAGAB TIMES KIN,Cuneiform
ğ’‡‘,U+121D1,CUNEIFORM SIGN LAGAB TIMES KU3,Cuneiform
ğ’‡’,U+121D2,CUNEIFORM SIGN LAGAB TIMES KUL,Cuneiform
ğ’‡“,U+121D3,CUNEIFORM SIGN LAGAB TIMES KUL PLUS HI PLUS A,Cuneiform
ğ’‡”,U+121D4,CUNEIFORM SIGN LAGAB TIMES LAGAB,Cuneiform
ğ’‡•,U+121D5,CUNEIFORM SIGN LAGAB TIMES LISH,Cuneiform
ğ’‡–,U+121D6,CUNEIFORM SIGN LAGAB TIMES LU,Cuneiform
ğ’‡—,U+121D7,CUNEIFORM SIGN LAGAB TIMES LUL,Cuneiform
ğ’‡˜,U+121D8,CUNEIFORM SIGN LAGAB TIMES ME,Cuneiform
ğ’‡™,U+121D9,CUNEIFORM SIGN LAGAB TIMES ME PLUS EN,Cuneiform
ğ’‡š,U+121DA,CUNEIFORM SIGN LAGAB TIMES MUSH,Cuneiform
ğ’‡›,U+121DB,CUNEIFORM SIGN LAGAB TIMES NE,Cuneiform
ğ’‡œ,U+121DC,CUNEIFORM SIGN LAGAB TIMES SHE PLUS SUM,Cuneiform
ğ’‡,U+121DD,CUNEIFORM SIGN LAGAB TIMES SHITA PLUS GISH PLUS ERIN2,Cuneiform
ğ’‡,U+121DE,CUNEIFORM SIGN LAGAB TIMES SHITA PLUS GISH TENU,Cuneiform
ğ’‡Ÿ,U+121DF,CUNEIFORM SIGN LAGAB TIMES SHU2,Cuneiform
ğ’‡ ,U+121E0,CUNEIFORM SIGN LAGAB TIMES SHU2 PLUS SHU2,Cuneiform
ğ’‡¡,U+121E1,CUNEIFORM SIGN LAGAB TIMES SUM,Cuneiform
ğ’‡¢,U+121E2,CUNEIFORM SIGN LAGAB TIMES TAG,Cuneiform
ğ’‡£,U+121E3,CUNEIFORM SIGN LAGAB TIMES TAK4,Cuneiform
ğ’‡¤,U+121E4,CUNEIFORM SIGN LAGAB TIMES TE PLUS A PLUS SU PLUS NA,Cuneiform
ğ’‡¥,U+121E5,CUNEIFORM SIGN LAGAB TIMES U,Cuneiform
ğ’‡¦,U+121E6,CUNEIFORM SIGN LAGAB TIMES U PLUS A,Cuneiform
ğ’‡§,U+121E7,CUNEIFORM SIGN LAGAB TIMES U PLUS U PLUS U,Cuneiform
ğ’‡¨,U+121E8,CUNEIFORM SIGN LAGAB TIMES U2 PLUS ASH,Cuneiform
ğ’‡©,U+121E9,CUNEIFORM SIGN LAGAB TIMES UD,Cuneiform
ğ’‡ª,U+121EA,CUNEIFORM SIGN LAGAB TIMES USH,Cuneiform
ğ’‡«,U+121EB,CUNEIFORM SIGN LAGAB SQUARED,Cuneiform
ğ’‡¬,U+121EC,CUNEIFORM SIGN LAGAR,Cuneiform
ğ’‡­,U+121ED,CUNEIFORM SIGN LAGAR TIMES SHE,Cuneiform
ğ’‡®,U+121EE,CUNEIFORM SIGN LAGAR TIMES SHE PLUS SUM,Cuneiform
ğ’‡¯,U+121EF,CUNEIFORM SIGN LAGAR GUNU,Cuneiform
ğ’‡°,U+121F0,CUNEIFORM SIGN LAGAR GUNU OVER LAGAR GUNU SHE,Cuneiform
ğ’‡±,U+121F1,CUNEIFORM SIGN LAHSHU,Cuneiform
ğ’‡²,U+121F2,CUNEIFORM SIGN LAL,Cuneiform
ğ’‡³,U+121F3,CUNEIFORM SIGN LAL TIMES LAL,Cuneiform
ğ’‡´,U+121F4,CUNEIFORM SIGN LAM,Cuneiform
ğ’‡µ,U+121F5,CUNEIFORM SIGN LAM TIMES KUR,Cuneiform
ğ’‡¶,U+121F6,CUNEIFORM SIGN LAM TIMES KUR PLUS RU,Cuneiform
ğ’‡·,U+121F7,CUNEIFORM SIGN LI,Cuneiform
ğ’‡¸,U+121F8,CUNEIFORM SIGN LIL,Cuneiform
ğ’‡¹,U+121F9,CUNEIFORM SIGN LIMMU2,Cuneiform
ğ’‡º,U+121FA,CUNEIFORM SIGN LISH,Cuneiform
ğ’‡»,U+121FB,CUNEIFORM SIGN LU,Cuneiform
ğ’‡¼,U+121FC,CUNEIFORM SIGN LU TIMES BAD,Cuneiform
ğ’‡½,U+121FD,CUNEIFORM SIGN LU2,Cuneiform
ğ’‡¾,U+121FE,CUNEIFORM SIGN LU2 TIMES AL,Cuneiform
ğ’‡¿,U+121FF,CUNEIFORM SIGN LU2 TIMES BAD,Cuneiform
ğ’ˆ€,U+12200,CUNEIFORM SIGN LU2 TIMES ESH2,Cuneiform
ğ’ˆ,U+12201,CUNEIFORM SIGN LU2 TIMES ESH2 TENU,Cuneiform
ğ’ˆ‚,U+12202,CUNEIFORM SIGN LU2 TIMES GAN2 TENU,Cuneiform
ğ’ˆƒ,U+12203,CUNEIFORM SIGN LU2 TIMES HI TIMES BAD,Cuneiform
ğ’ˆ„,U+12204,CUNEIFORM SIGN LU2 TIMES IM,Cuneiform
ğ’ˆ…,U+12205,CUNEIFORM SIGN LU2 TIMES KAD2,Cuneiform
ğ’ˆ†,U+12206,CUNEIFORM SIGN LU2 TIMES KAD3,Cuneiform
ğ’ˆ‡,U+12207,CUNEIFORM SIGN LU2 TIMES KAD3 PLUS ASH,Cuneiform
ğ’ˆˆ,U+12208,CUNEIFORM SIGN LU2 TIMES KI,Cuneiform
ğ’ˆ‰,U+12209,CUNEIFORM SIGN LU2 TIMES LA PLUS ASH,Cuneiform
ğ’ˆŠ,U+1220A,CUNEIFORM SIGN LU2 TIMES LAGAB,Cuneiform
ğ’ˆ‹,U+1220B,CUNEIFORM SIGN LU2 TIMES ME PLUS EN,Cuneiform
ğ’ˆŒ,U+1220C,CUNEIFORM SIGN LU2 TIMES NE,Cuneiform
ğ’ˆ,U+1220D,CUNEIFORM SIGN LU2 TIMES NU,Cuneiform
ğ’ˆ,U+1220E,CUNEIFORM SIGN LU2 TIMES SI PLUS ASH,Cuneiform
ğ’ˆ,U+1220F,CUNEIFORM SIGN LU2 TIMES SIK2 PLUS BU,Cuneiform
ğ’ˆ,U+12210,CUNEIFORM SIGN LU2 TIMES TUG2,Cuneiform
ğ’ˆ‘,U+12211,CUNEIFORM SIGN LU2 TENU,Cuneiform
ğ’ˆ’,U+12212,CUNEIFORM SIGN LU2 CROSSING LU2,Cuneiform
ğ’ˆ“,U+12213,CUNEIFORM SIGN LU2 OPPOSING LU2,Cuneiform
ğ’ˆ”,U+12214,CUNEIFORM SIGN LU2 SQUARED,Cuneiform
ğ’ˆ•,U+12215,CUNEIFORM SIGN LU2 SHESHIG,Cuneiform
ğ’ˆ–,U+12216,CUNEIFORM SIGN LU3,Cuneiform
ğ’ˆ—,U+12217,CUNEIFORM SIGN LUGAL,Cuneiform
ğ’ˆ˜,U+12218,CUNEIFORM SIGN LUGAL OVER LUGAL,Cuneiform
ğ’ˆ™,U+12219,CUNEIFORM SIGN LUGAL OPPOSING LUGAL,Cuneiform
ğ’ˆš,U+1221A,CUNEIFORM SIGN LUGAL SHESHIG,Cuneiform
ğ’ˆ›,U+1221B,CUNEIFORM SIGN LUH,Cuneiform
ğ’ˆœ,U+1221C,CUNEIFORM SIGN LUL,Cuneiform
ğ’ˆ,U+1221D,CUNEIFORM SIGN LUM,Cuneiform
ğ’ˆ,U+1221E,CUNEIFORM SIGN LUM OVER LUM,Cuneiform
ğ’ˆŸ,U+1221F,CUNEIFORM SIGN LUM OVER LUM GAR OVER GAR,Cuneiform
ğ’ˆ ,U+12220,CUNEIFORM SIGN MA,Cuneiform
ğ’ˆ¡,U+12221,CUNEIFORM SIGN MA TIMES TAK4,Cuneiform
ğ’ˆ¢,U+12222,CUNEIFORM SIGN MA GUNU,Cuneiform
ğ’ˆ£,U+12223,CUNEIFORM SIGN MA2,Cuneiform
ğ’ˆ¤,U+12224,CUNEIFORM SIGN MAH,Cuneiform
ğ’ˆ¥,U+12225,CUNEIFORM SIGN MAR,Cuneiform
ğ’ˆ¦,U+12226,CUNEIFORM SIGN MASH,Cuneiform
ğ’ˆ§,U+12227,CUNEIFORM SIGN MASH2,Cuneiform
ğ’ˆ¨,U+12228,CUNEIFORM SIGN ME,Cuneiform
ğ’ˆ©,U+12229,CUNEIFORM SIGN MES,Cuneiform
ğ’ˆª,U+1222A,CUNEIFORM SIGN MI,Cuneiform
ğ’ˆ«,U+1222B,CUNEIFORM SIGN MIN,Cuneiform
ğ’ˆ¬,U+1222C,CUNEIFORM SIGN MU,Cuneiform
ğ’ˆ­,U+1222D,CUNEIFORM SIGN MU OVER MU,Cuneiform
ğ’ˆ®,U+1222E,CUNEIFORM SIGN MUG,Cuneiform
ğ’ˆ¯,U+1222F,CUNEIFORM SIGN MUG GUNU,Cuneiform
ğ’ˆ°,U+12230,CUNEIFORM SIGN MUNSUB,Cuneiform
ğ’ˆ±,U+12231,CUNEIFORM SIGN MURGU2,Cuneiform
ğ’ˆ²,U+12232,CUNEIFORM SIGN MUSH,Cuneiform
ğ’ˆ³,U+12233,CUNEIFORM SIGN MUSH TIMES A,Cuneiform
ğ’ˆ´,U+12234,CUNEIFORM SIGN MUSH TIMES KUR,Cuneiform
ğ’ˆµ,U+12235,CUNEIFORM SIGN MUSH TIMES ZA,Cuneiform
ğ’ˆ¶,U+12236,CUNEIFORM SIGN MUSH OVER MUSH,Cuneiform
ğ’ˆ·,U+12237,CUNEIFORM SIGN MUSH OVER MUSH TIMES A PLUS NA,Cuneiform
ğ’ˆ¸,U+12238,CUNEIFORM SIGN MUSH CROSSING MUSH,Cuneiform
ğ’ˆ¹,U+12239,CUNEIFORM SIGN MUSH3,Cuneiform
ğ’ˆº,U+1223A,CUNEIFORM SIGN MUSH3 TIMES A,Cuneiform
ğ’ˆ»,U+1223B,CUNEIFORM SIGN MUSH3 TIMES A PLUS DI,Cuneiform
ğ’ˆ¼,U+1223C,CUNEIFORM SIGN MUSH3 TIMES DI,Cuneiform
ğ’ˆ½,U+1223D,CUNEIFORM SIGN MUSH3 GUNU,Cuneiform
ğ’ˆ¾,U+1223E,CUNEIFORM SIGN NA,Cuneiform
ğ’ˆ¿,U+1223F,CUNEIFORM SIGN NA2,Cuneiform
ğ’‰€,U+12240,CUNEIFORM SIGN NAGA,Cuneiform
ğ’‰,U+12241,CUNEIFORM SIGN NAGA INVERTED,Cuneiform
ğ’‰‚,U+12242,CUNEIFORM SIGN NAGA TIMES SHU TENU,Cuneiform
ğ’‰ƒ,U+12243,CUNEIFORM SIGN NAGA OPPOSING NAGA,Cuneiform
ğ’‰„,U+12244,CUNEIFORM SIGN NAGAR,Cuneiform
ğ’‰…,U+12245,CUNEIFORM SIGN NAM NUTILLU,Cuneiform
ğ’‰†,U+12246,CUNEIFORM SIGN NAM,Cuneiform
ğ’‰‡,U+12247,CUNEIFORM SIGN NAM2,Cuneiform
ğ’‰ˆ,U+12248,CUNEIFORM SIGN NE,Cuneiform
ğ’‰‰,U+12249,CUNEIFORM SIGN NE TIMES A,Cuneiform
ğ’‰Š,U+1224A,CUNEIFORM SIGN NE TIMES UD,Cuneiform
ğ’‰‹,U+1224B,CUNEIFORM SIGN NE SHESHIG,Cuneiform
ğ’‰Œ,U+1224C,CUNEIFORM SIGN NI,Cuneiform
ğ’‰,U+1224D,CUNEIFORM SIGN NI TIMES E,Cuneiform
ğ’‰,U+1224E,CUNEIFORM SIGN NI2,Cuneiform
ğ’‰,U+1224F,CUNEIFORM SIGN NIM,Cuneiform
ğ’‰,U+12250,CUNEIFORM SIGN NIM TIMES GAN2 TENU,Cuneiform
ğ’‰‘,U+12251,CUNEIFORM SIGN NIM TIMES GAR PLUS GAN2 TENU,Cuneiform
ğ’‰’,U+12252,CUNEIFORM SIGN NINDA2,Cuneiform
ğ’‰“,U+12253,CUNEIFORM SIGN NINDA2 TIMES AN,Cuneiform
ğ’‰”,U+12254,CUNEIFORM SIGN NINDA2 TIMES ASH,Cuneiform
ğ’‰•,U+12255,CUNEIFORM SIGN NINDA2 TIMES ASH PLUS ASH,Cuneiform
ğ’‰–,U+12256,CUNEIFORM SIGN NINDA2 TIMES GUD,Cuneiform
ğ’‰—,U+12257,CUNEIFORM SIGN NINDA2 TIMES ME PLUS GAN2 TENU,Cuneiform
ğ’‰˜,U+12258,CUNEIFORM SIGN NINDA2 TIMES NE,Cuneiform
ğ’‰™,U+12259,CUNEIFORM SIGN NINDA2 TIMES NUN,Cuneiform
ğ’‰š,U+1225A,CUNEIFORM SIGN NINDA2 TIMES SHE,Cuneiform
ğ’‰›,U+1225B,CUNEIFORM SIGN NINDA2 TIMES SHE PLUS A AN,Cuneiform
ğ’‰œ,U+1225C,CUNEIFORM SIGN NINDA2 TIMES SHE PLUS ASH,Cuneiform
ğ’‰,U+1225D,CUNEIFORM SIGN NINDA2 TIMES SHE PLUS ASH PLUS ASH,Cuneiform
ğ’‰,U+1225E,CUNEIFORM SIGN NINDA2 TIMES U2 PLUS ASH,Cuneiform
ğ’‰Ÿ,U+1225F,CUNEIFORM SIGN NINDA2 TIMES USH,Cuneiform
ğ’‰ ,U+12260,CUNEIFORM SIGN NISAG,Cuneiform
ğ’‰¡,U+12261,CUNEIFORM SIGN NU,Cuneiform
ğ’‰¢,U+12262,CUNEIFORM SIGN NU11,Cuneiform
ğ’‰£,U+12263,CUNEIFORM SIGN NUN,Cuneiform
ğ’‰¤,U+12264,CUNEIFORM SIGN NUN LAGAR TIMES GAR,Cuneiform
ğ’‰¥,U+12265,CUNEIFORM SIGN NUN LAGAR TIMES MASH,Cuneiform
ğ’‰¦,U+12266,CUNEIFORM SIGN NUN LAGAR TIMES SAL,Cuneiform
ğ’‰§,U+12267,CUNEIFORM SIGN NUN LAGAR TIMES SAL OVER NUN LAGAR TIMES SAL,Cuneiform
ğ’‰¨,U+12268,CUNEIFORM SIGN NUN LAGAR TIMES USH,Cuneiform
ğ’‰©,U+12269,CUNEIFORM SIGN NUN TENU,Cuneiform
ğ’‰ª,U+1226A,CUNEIFORM SIGN NUN OVER NUN,Cuneiform
ğ’‰«,U+1226B,CUNEIFORM SIGN NUN CROSSING NUN,Cuneiform
ğ’‰¬,U+1226C,CUNEIFORM SIGN NUN CROSSING NUN LAGAR OVER LAGAR,Cuneiform
ğ’‰­,U+1226D,CUNEIFORM SIGN NUNUZ,Cuneiform
ğ’‰®,U+1226E,CUNEIFORM SIGN NUNUZ AB2 TIMES ASHGAB,Cuneiform
ğ’‰¯,U+1226F,CUNEIFORM SIGN NUNUZ AB2 TIMES BI,Cuneiform
ğ’‰°,U+12270,CUNEIFORM SIGN NUNUZ AB2 TIMES DUG,Cuneiform
ğ’‰±,U+12271,CUNEIFORM SIGN NUNUZ AB2 TIMES GUD,Cuneiform
ğ’‰²,U+12272,CUNEIFORM SIGN NUNUZ AB2 TIMES IGI GUNU,Cuneiform
ğ’‰³,U+12273,CUNEIFORM SIGN NUNUZ AB2 TIMES KAD3,Cuneiform
ğ’‰´,U+12274,CUNEIFORM SIGN NUNUZ AB2 TIMES LA,Cuneiform
ğ’‰µ,U+12275,CUNEIFORM SIGN NUNUZ AB2 TIMES NE,Cuneiform
ğ’‰¶,U+12276,CUNEIFORM SIGN NUNUZ AB2 TIMES SILA3,Cuneiform
ğ’‰·,U+12277,CUNEIFORM SIGN NUNUZ AB2 TIMES U2,Cuneiform
ğ’‰¸,U+12278,CUNEIFORM SIGN NUNUZ KISIM5 TIMES BI,Cuneiform
ğ’‰¹,U+12279,CUNEIFORM SIGN NUNUZ KISIM5 TIMES BI U,Cuneiform
ğ’‰º,U+1227A,CUNEIFORM SIGN PA,Cuneiform
ğ’‰»,U+1227B,CUNEIFORM SIGN PAD,Cuneiform
ğ’‰¼,U+1227C,CUNEIFORM SIGN PAN,Cuneiform
ğ’‰½,U+1227D,CUNEIFORM SIGN PAP,Cuneiform
ğ’‰¾,U+1227E,CUNEIFORM SIGN PESH2,Cuneiform
ğ’‰¿,U+1227F,CUNEIFORM SIGN PI,Cuneiform
ğ’Š€,U+12280,CUNEIFORM SIGN PI TIMES A,Cuneiform
ğ’Š,U+12281,CUNEIFORM SIGN PI TIMES AB,Cuneiform
ğ’Š‚,U+12282,CUNEIFORM SIGN PI TIMES BI,Cuneiform
ğ’Šƒ,U+12283,CUNEIFORM SIGN PI TIMES BU,Cuneiform
ğ’Š„,U+12284,CUNEIFORM SIGN PI TIMES E,Cuneiform
ğ’Š…,U+12285,CUNEIFORM SIGN PI TIMES I,Cuneiform
ğ’Š†,U+12286,CUNEIFORM SIGN PI TIMES IB,Cuneiform
ğ’Š‡,U+12287,CUNEIFORM SIGN PI TIMES U,Cuneiform
ğ’Šˆ,U+12288,CUNEIFORM SIGN PI TIMES U2,Cuneiform
ğ’Š‰,U+12289,CUNEIFORM SIGN PI CROSSING PI,Cuneiform
ğ’ŠŠ,U+1228A,CUNEIFORM SIGN PIRIG,Cuneiform
ğ’Š‹,U+1228B,CUNEIFORM SIGN PIRIG TIMES KAL,Cuneiform
ğ’ŠŒ,U+1228C,CUNEIFORM SIGN PIRIG TIMES UD,Cuneiform
ğ’Š,U+1228D,CUNEIFORM SIGN PIRIG TIMES ZA,Cuneiform
ğ’Š,U+1228E,CUNEIFORM SIGN PIRIG OPPOSING PIRIG,Cuneiform
ğ’Š,U+1228F,CUNEIFORM SIGN RA,Cuneiform
ğ’Š,U+12290,CUNEIFORM SIGN RAB,Cuneiform
ğ’Š‘,U+12291,CUNEIFORM SIGN RI,Cuneiform
ğ’Š’,U+12292,CUNEIFORM SIGN RU,Cuneiform
ğ’Š“,U+12293,CUNEIFORM SIGN SA,Cuneiform
ğ’Š”,U+12294,CUNEIFORM SIGN SAG NUTILLU,Cuneiform
ğ’Š•,U+12295,CUNEIFORM SIGN SAG,Cuneiform
ğ’Š–,U+12296,CUNEIFORM SIGN SAG TIMES A,Cuneiform
ğ’Š—,U+12297,CUNEIFORM SIGN SAG TIMES DU,Cuneiform
ğ’Š˜,U+12298,CUNEIFORM SIGN SAG TIMES DUB,Cuneiform
ğ’Š™,U+12299,CUNEIFORM SIGN SAG TIMES HA,Cuneiform
ğ’Šš,U+1229A,CUNEIFORM SIGN SAG TIMES KAK,Cuneiform
ğ’Š›,U+1229B,CUNEIFORM SIGN SAG TIMES KUR,Cuneiform
ğ’Šœ,U+1229C,CUNEIFORM SIGN SAG TIMES LUM,Cuneiform
ğ’Š,U+1229D,CUNEIFORM SIGN SAG TIMES MI,Cuneiform
ğ’Š,U+1229E,CUNEIFORM SIGN SAG TIMES NUN,Cuneiform
ğ’ŠŸ,U+1229F,CUNEIFORM SIGN SAG TIMES SAL,Cuneiform
ğ’Š ,U+122A0,CUNEIFORM SIGN SAG TIMES SHID,Cuneiform
ğ’Š¡,U+122A1,CUNEIFORM SIGN SAG TIMES TAB,Cuneiform
ğ’Š¢,U+122A2,CUNEIFORM SIGN SAG TIMES U2,Cuneiform
ğ’Š£,U+122A3,CUNEIFORM SIGN SAG TIMES UB,Cuneiform
ğ’Š¤,U+122A4,CUNEIFORM SIGN SAG TIMES UM,Cuneiform
ğ’Š¥,U+122A5,CUNEIFORM SIGN SAG TIMES UR,Cuneiform
ğ’Š¦,U+122A6,CUNEIFORM SIGN SAG TIMES USH,Cuneiform
ğ’Š§,U+122A7,CUNEIFORM SIGN SAG OVER SAG,Cuneiform
ğ’Š¨,U+122A8,CUNEIFORM SIGN SAG GUNU,Cuneiform
ğ’Š©,U+122A9,CUNEIFORM SIGN SAL,Cuneiform
ğ’Šª,U+122AA,CUNEIFORM SIGN SAL LAGAB TIMES ASH2,Cuneiform
ğ’Š«,U+122AB,CUNEIFORM SIGN SANGA2,Cuneiform
ğ’Š¬,U+122AC,CUNEIFORM SIGN SAR,Cuneiform
ğ’Š­,U+122AD,CUNEIFORM SIGN SHA,Cuneiform
ğ’Š®,U+122AE,CUNEIFORM SIGN SHA3,Cuneiform
ğ’Š¯,U+122AF,CUNEIFORM SIGN SHA3 TIMES A,Cuneiform
ğ’Š°,U+122B0,CUNEIFORM SIGN SHA3 TIMES BAD,Cuneiform
ğ’Š±,U+122B1,CUNEIFORM SIGN SHA3 TIMES GISH,Cuneiform
ğ’Š²,U+122B2,CUNEIFORM SIGN SHA3 TIMES NE,Cuneiform
ğ’Š³,U+122B3,CUNEIFORM SIGN SHA3 TIMES SHU2,Cuneiform
ğ’Š´,U+122B4,CUNEIFORM SIGN SHA3 TIMES TUR,Cuneiform
ğ’Šµ,U+122B5,CUNEIFORM SIGN SHA3 TIMES U,Cuneiform
ğ’Š¶,U+122B6,CUNEIFORM SIGN SHA3 TIMES U PLUS A,Cuneiform
ğ’Š·,U+122B7,CUNEIFORM SIGN SHA6,Cuneiform
ğ’Š¸,U+122B8,CUNEIFORM SIGN SHAB6,Cuneiform
ğ’Š¹,U+122B9,CUNEIFORM SIGN SHAR2,Cuneiform
ğ’Šº,U+122BA,CUNEIFORM SIGN SHE,Cuneiform
ğ’Š»,U+122BB,CUNEIFORM SIGN SHE HU,Cuneiform
ğ’Š¼,U+122BC,CUNEIFORM SIGN SHE OVER SHE GAD OVER GAD GAR OVER GAR,Cuneiform
ğ’Š½,U+122BD,CUNEIFORM SIGN SHE OVER SHE TAB OVER TAB GAR OVER GAR,Cuneiform
ğ’Š¾,U+122BE,CUNEIFORM SIGN SHEG9,Cuneiform
ğ’Š¿,U+122BF,CUNEIFORM SIGN SHEN,Cuneiform
ğ’‹€,U+122C0,CUNEIFORM SIGN SHESH,Cuneiform
ğ’‹,U+122C1,CUNEIFORM SIGN SHESH2,Cuneiform
ğ’‹‚,U+122C2,CUNEIFORM SIGN SHESHLAM,Cuneiform
ğ’‹ƒ,U+122C3,CUNEIFORM SIGN SHID,Cuneiform
ğ’‹„,U+122C4,CUNEIFORM SIGN SHID TIMES A,Cuneiform
ğ’‹…,U+122C5,CUNEIFORM SIGN SHID TIMES IM,Cuneiform
ğ’‹†,U+122C6,CUNEIFORM SIGN SHIM,Cuneiform
ğ’‹‡,U+122C7,CUNEIFORM SIGN SHIM TIMES A,Cuneiform
ğ’‹ˆ,U+122C8,CUNEIFORM SIGN SHIM TIMES BAL,Cuneiform
ğ’‹‰,U+122C9,CUNEIFORM SIGN SHIM TIMES BULUG,Cuneiform
ğ’‹Š,U+122CA,CUNEIFORM SIGN SHIM TIMES DIN,Cuneiform
ğ’‹‹,U+122CB,CUNEIFORM SIGN SHIM TIMES GAR,Cuneiform
ğ’‹Œ,U+122CC,CUNEIFORM SIGN SHIM TIMES IGI,Cuneiform
ğ’‹,U+122CD,CUNEIFORM SIGN SHIM TIMES IGI GUNU,Cuneiform
ğ’‹,U+122CE,CUNEIFORM SIGN SHIM TIMES KUSHU2,Cuneiform
ğ’‹,U+122CF,CUNEIFORM SIGN SHIM TIMES LUL,Cuneiform
ğ’‹,U+122D0,CUNEIFORM SIGN SHIM TIMES MUG,Cuneiform
ğ’‹‘,U+122D1,CUNEIFORM SIGN SHIM TIMES SAL,Cuneiform
ğ’‹’,U+122D2,CUNEIFORM SIGN SHINIG,Cuneiform
ğ’‹“,U+122D3,CUNEIFORM SIGN SHIR,Cuneiform
ğ’‹”,U+122D4,CUNEIFORM SIGN SHIR TENU,Cuneiform
ğ’‹•,U+122D5,CUNEIFORM SIGN SHIR OVER SHIR BUR OVER BUR,Cuneiform
ğ’‹–,U+122D6,CUNEIFORM SIGN SHITA,Cuneiform
ğ’‹—,U+122D7,CUNEIFORM SIGN SHU,Cuneiform
ğ’‹˜,U+122D8,CUNEIFORM SIGN SHU OVER INVERTED SHU,Cuneiform
ğ’‹™,U+122D9,CUNEIFORM SIGN SHU2,Cuneiform
ğ’‹š,U+122DA,CUNEIFORM SIGN SHUBUR,Cuneiform
ğ’‹›,U+122DB,CUNEIFORM SIGN SI,Cuneiform
ğ’‹œ,U+122DC,CUNEIFORM SIGN SI GUNU,Cuneiform
ğ’‹,U+122DD,CUNEIFORM SIGN SIG,Cuneiform
ğ’‹,U+122DE,CUNEIFORM SIGN SIG4,Cuneiform
ğ’‹Ÿ,U+122DF,CUNEIFORM SIGN SIG4 OVER SIG4 SHU2,Cuneiform
ğ’‹ ,U+122E0,CUNEIFORM SIGN SIK2,Cuneiform
ğ’‹¡,U+122E1,CUNEIFORM SIGN SILA3,Cuneiform
ğ’‹¢,U+122E2,CUNEIFORM SIGN SU,Cuneiform
ğ’‹£,U+122E3,CUNEIFORM SIGN SU OVER SU,Cuneiform
ğ’‹¤,U+122E4,CUNEIFORM SIGN SUD,Cuneiform
ğ’‹¥,U+122E5,CUNEIFORM SIGN SUD2,Cuneiform
ğ’‹¦,U+122E6,CUNEIFORM SIGN SUHUR,Cuneiform
ğ’‹§,U+122E7,CUNEIFORM SIGN SUM,Cuneiform
ğ’‹¨,U+122E8,CUNEIFORM SIGN SUMASH,Cuneiform
ğ’‹©,U+122E9,CUNEIFORM SIGN SUR,Cuneiform
ğ’‹ª,U+122EA,CUNEIFORM SIGN SUR9,Cuneiform
ğ’‹«,U+122EB,CUNEIFORM SIGN TA,Cuneiform
ğ’‹¬,U+122EC,CUNEIFORM SIGN TA ASTERISK,Cuneiform
ğ’‹­,U+122ED,CUNEIFORM SIGN TA TIMES HI,Cuneiform
ğ’‹®,U+122EE,CUNEIFORM SIGN TA TIMES MI,Cuneiform
ğ’‹¯,U+122EF,CUNEIFORM SIGN TA GUNU,Cuneiform
ğ’‹°,U+122F0,CUNEIFORM SIGN TAB,Cuneiform
ğ’‹±,U+122F1,CUNEIFORM SIGN TAB OVER TAB NI OVER NI DISH OVER DISH,Cuneiform
ğ’‹²,U+122F2,CUNEIFORM SIGN TAB SQUARED,Cuneiform
ğ’‹³,U+122F3,CUNEIFORM SIGN TAG,Cuneiform
ğ’‹´,U+122F4,CUNEIFORM SIGN TAG TIMES BI,Cuneiform
ğ’‹µ,U+122F5,CUNEIFORM SIGN TAG TIMES GUD,Cuneiform
ğ’‹¶,U+122F6,CUNEIFORM SIGN TAG TIMES SHE,Cuneiform
ğ’‹·,U+122F7,CUNEIFORM SIGN TAG TIMES SHU,Cuneiform
ğ’‹¸,U+122F8,CUNEIFORM SIGN TAG TIMES TUG2,Cuneiform
ğ’‹¹,U+122F9,CUNEIFORM SIGN TAG TIMES UD,Cuneiform
ğ’‹º,U+122FA,CUNEIFORM SIGN TAK4,Cuneiform
ğ’‹»,U+122FB,CUNEIFORM SIGN TAR,Cuneiform
ğ’‹¼,U+122FC,CUNEIFORM SIGN TE,Cuneiform
ğ’‹½,U+122FD,CUNEIFORM SIGN TE GUNU,Cuneiform
ğ’‹¾,U+122FE,CUNEIFORM SIGN TI,Cuneiform
ğ’‹¿,U+122FF,CUNEIFORM SIGN TI TENU,Cuneiform
ğ’Œ€,U+12300,CUNEIFORM SIGN TIL,Cuneiform
ğ’Œ,U+12301,CUNEIFORM SIGN TIR,Cuneiform
ğ’Œ‚,U+12302,CUNEIFORM SIGN TIR TIMES TAK4,Cuneiform
ğ’Œƒ,U+12303,CUNEIFORM SIGN TIR OVER TIR,Cuneiform
ğ’Œ„,U+12304,CUNEIFORM SIGN TIR OVER TIR GAD OVER GAD GAR OVER GAR,Cuneiform
ğ’Œ…,U+12305,CUNEIFORM SIGN TU,Cuneiform
ğ’Œ†,U+12306,CUNEIFORM SIGN TUG2,Cuneiform
ğ’Œ‡,U+12307,CUNEIFORM SIGN TUK,Cuneiform
ğ’Œˆ,U+12308,CUNEIFORM SIGN TUM,Cuneiform
ğ’Œ‰,U+12309,CUNEIFORM SIGN TUR,Cuneiform
ğ’ŒŠ,U+1230A,CUNEIFORM SIGN TUR OVER TUR ZA OVER ZA,Cuneiform
ğ’Œ‹,U+1230B,CUNEIFORM SIGN U,Cuneiform
ğ’ŒŒ,U+1230C,CUNEIFORM SIGN U GUD,Cuneiform
ğ’Œ,U+1230D,CUNEIFORM SIGN U U U,Cuneiform
ğ’Œ,U+1230E,CUNEIFORM SIGN U OVER U PA OVER PA GAR OVER GAR,Cuneiform
ğ’Œ,U+1230F,CUNEIFORM SIGN U OVER U SUR OVER SUR,Cuneiform
ğ’Œ,U+12310,CUNEIFORM SIGN U OVER U U REVERSED OVER U REVERSED,Cuneiform
ğ’Œ‘,U+12311,CUNEIFORM SIGN U2,Cuneiform
ğ’Œ’,U+12312,CUNEIFORM SIGN UB,Cuneiform
ğ’Œ“,U+12313,CUNEIFORM SIGN UD,Cuneiform
ğ’Œ”,U+12314,CUNEIFORM SIGN UD KUSHU2,Cuneiform
ğ’Œ•,U+12315,CUNEIFORM SIGN UD TIMES BAD,Cuneiform
ğ’Œ–,U+12316,CUNEIFORM SIGN UD TIMES MI,Cuneiform
ğ’Œ—,U+12317,CUNEIFORM SIGN UD TIMES U PLUS U PLUS U,Cuneiform
ğ’Œ˜,U+12318,CUNEIFORM SIGN UD TIMES U PLUS U PLUS U GUNU,Cuneiform
ğ’Œ™,U+12319,CUNEIFORM SIGN UD GUNU,Cuneiform
ğ’Œš,U+1231A,CUNEIFORM SIGN UD SHESHIG,Cuneiform
ğ’Œ›,U+1231B,CUNEIFORM SIGN UD SHESHIG TIMES BAD,Cuneiform
ğ’Œœ,U+1231C,CUNEIFORM SIGN UDUG,Cuneiform
ğ’Œ,U+1231D,CUNEIFORM SIGN UM,Cuneiform
ğ’Œ,U+1231E,CUNEIFORM SIGN UM TIMES LAGAB,Cuneiform
ğ’ŒŸ,U+1231F,CUNEIFORM SIGN UM TIMES ME PLUS DA,Cuneiform
ğ’Œ ,U+12320,CUNEIFORM SIGN UM TIMES SHA3,Cuneiform
ğ’Œ¡,U+12321,CUNEIFORM SIGN UM TIMES U,Cuneiform
ğ’Œ¢,U+12322,CUNEIFORM SIGN UMBIN,Cuneiform
ğ’Œ£,U+12323,CUNEIFORM SIGN UMUM,Cuneiform
ğ’Œ¤,U+12324,CUNEIFORM SIGN UMUM TIMES KASKAL,Cuneiform
ğ’Œ¥,U+12325,CUNEIFORM SIGN UMUM TIMES PA,Cuneiform
ğ’Œ¦,U+12326,CUNEIFORM SIGN UN,Cuneiform
ğ’Œ§,U+12327,CUNEIFORM SIGN UN GUNU,Cuneiform
ğ’Œ¨,U+12328,CUNEIFORM SIGN UR,Cuneiform
ğ’Œ©,U+12329,CUNEIFORM SIGN UR CROSSING UR,Cuneiform
ğ’Œª,U+1232A,CUNEIFORM SIGN UR SHESHIG,Cuneiform
ğ’Œ«,U+1232B,CUNEIFORM SIGN UR2,Cuneiform
ğ’Œ¬,U+1232C,CUNEIFORM SIGN UR2 TIMES A PLUS HA,Cuneiform
ğ’Œ­,U+1232D,CUNEIFORM SIGN UR2 TIMES A PLUS NA,Cuneiform
ğ’Œ®,U+1232E,CUNEIFORM SIGN UR2 TIMES AL,Cuneiform
ğ’Œ¯,U+1232F,CUNEIFORM SIGN UR2 TIMES HA,Cuneiform
ğ’Œ°,U+12330,CUNEIFORM SIGN UR2 TIMES NUN,Cuneiform
ğ’Œ±,U+12331,CUNEIFORM SIGN UR2 TIMES U2,Cuneiform
ğ’Œ²,U+12332,CUNEIFORM SIGN UR2 TIMES U2 PLUS ASH,Cuneiform
ğ’Œ³,U+12333,CUNEIFORM SIGN UR2 TIMES U2 PLUS BI,Cuneiform
ğ’Œ´,U+12334,CUNEIFORM SIGN UR4,Cuneiform
ğ’Œµ,U+12335,CUNEIFORM SIGN URI,Cuneiform
ğ’Œ¶,U+12336,CUNEIFORM SIGN URI3,Cuneiform
ğ’Œ·,U+12337,CUNEIFORM SIGN URU,Cuneiform
ğ’Œ¸,U+12338,CUNEIFORM SIGN URU TIMES A,Cuneiform
ğ’Œ¹,U+12339,CUNEIFORM SIGN URU TIMES ASHGAB,Cuneiform
ğ’Œº,U+1233A,CUNEIFORM SIGN URU TIMES BAR,Cuneiform
ğ’Œ»,U+1233B,CUNEIFORM SIGN URU TIMES DUN,Cuneiform
ğ’Œ¼,U+1233C,CUNEIFORM SIGN URU TIMES GA,Cuneiform
ğ’Œ½,U+1233D,CUNEIFORM SIGN URU TIMES GAL,Cuneiform
ğ’Œ¾,U+1233E,CUNEIFORM SIGN URU TIMES GAN2 TENU,Cuneiform
ğ’Œ¿,U+1233F,CUNEIFORM SIGN URU TIMES GAR,Cuneiform
ğ’€,U+12340,CUNEIFORM SIGN URU TIMES GU,Cuneiform
ğ’,U+12341,CUNEIFORM SIGN URU TIMES HA,Cuneiform
ğ’‚,U+12342,CUNEIFORM SIGN URU TIMES IGI,Cuneiform
ğ’ƒ,U+12343,CUNEIFORM SIGN URU TIMES IM,Cuneiform
ğ’„,U+12344,CUNEIFORM SIGN URU TIMES ISH,Cuneiform
ğ’…,U+12345,CUNEIFORM SIGN URU TIMES KI,Cuneiform
ğ’†,U+12346,CUNEIFORM SIGN URU TIMES LUM,Cuneiform
ğ’‡,U+12347,CUNEIFORM SIGN URU TIMES MIN,Cuneiform
ğ’ˆ,U+12348,CUNEIFORM SIGN URU TIMES PA,Cuneiform
ğ’‰,U+12349,CUNEIFORM SIGN URU TIMES SHE,Cuneiform
ğ’Š,U+1234A,CUNEIFORM SIGN URU TIMES SIG4,Cuneiform
ğ’‹,U+1234B,CUNEIFORM SIGN URU TIMES TU,Cuneiform
ğ’Œ,U+1234C,CUNEIFORM SIGN URU TIMES U PLUS GUD,Cuneiform
ğ’,U+1234D,CUNEIFORM SIGN URU TIMES UD,Cuneiform
ğ’,U+1234E,CUNEIFORM SIGN URU TIMES URUDA,Cuneiform
ğ’,U+1234F,CUNEIFORM SIGN URUDA,Cuneiform
ğ’,U+12350,CUNEIFORM SIGN URUDA TIMES U,Cuneiform
ğ’‘,U+12351,CUNEIFORM SIGN USH,Cuneiform
ğ’’,U+12352,CUNEIFORM SIGN USH TIMES A,Cuneiform
ğ’“,U+12353,CUNEIFORM SIGN USH TIMES KU,Cuneiform
ğ’”,U+12354,CUNEIFORM SIGN USH TIMES KUR,Cuneiform
ğ’•,U+12355,CUNEIFORM SIGN USH TIMES TAK4,Cuneiform
ğ’–,U+12356,CUNEIFORM SIGN USHX,Cuneiform
ğ’—,U+12357,CUNEIFORM SIGN USH2,Cuneiform
ğ’˜,U+12358,CUNEIFORM SIGN USHUMX,Cuneiform
ğ’™,U+12359,CUNEIFORM SIGN UTUKI,Cuneiform
ğ’š,U+1235A,CUNEIFORM SIGN UZ3,Cuneiform
ğ’›,U+1235B,CUNEIFORM SIGN UZ3 TIMES KASKAL,Cuneiform
ğ’œ,U+1235C,CUNEIFORM SIGN UZU,Cuneiform
ğ’,U+1235D,CUNEIFORM SIGN ZA,Cuneiform
ğ’,U+1235E,CUNEIFORM SIGN ZA TENU,Cuneiform
ğ’Ÿ,U+1235F,CUNEIFORM SIGN ZA SQUARED TIMES KUR,Cuneiform
ğ’ ,U+12360,CUNEIFORM SIGN ZAG,Cuneiform
ğ’¡,U+12361,CUNEIFORM SIGN ZAMX,Cuneiform
ğ’¢,U+12362,CUNEIFORM SIGN ZE2,Cuneiform
ğ’£,U+12363,CUNEIFORM SIGN ZI,Cuneiform
ğ’¤,U+12364,CUNEIFORM SIGN ZI OVER ZI,Cuneiform
ğ’¥,U+12365,CUNEIFORM SIGN ZI3,Cuneiform
ğ’¦,U+12366,CUNEIFORM SIGN ZIB,Cuneiform
ğ’§,U+12367,CUNEIFORM SIGN ZIB KABA TENU,Cuneiform
ğ’¨,U+12368,CUNEIFORM SIGN ZIG,Cuneiform
ğ’©,U+12369,CUNEIFORM SIGN ZIZ2,Cuneiform
ğ’ª,U+1236A,CUNEIFORM SIGN ZU,Cuneiform
ğ’«,U+1236B,CUNEIFORM SIGN ZU5,Cuneiform
ğ’¬,U+1236C,CUNEIFORM SIGN ZU5 TIMES A,Cuneiform
ğ’­,U+1236D,CUNEIFORM SIGN ZUBUR,Cuneiform
ğ’®,U+1236E,CUNEIFORM SIGN ZUM,Cuneiform
ğ’¯,U+1236F,CUNEIFORM SIGN KAP ELAMITE,Cuneiform
ğ’°,U+12370,CUNEIFORM SIGN AB TIMES NUN,Cuneiform
ğ’±,U+12371,CUNEIFORM SIGN AB2 TIMES A,Cuneiform
ğ’²,U+12372,CUNEIFORM SIGN AMAR TIMES KUG,Cuneiform
ğ’³,U+12373,CUNEIFORM SIGN DAG KISIM5 TIMES U2 PLUS MASH,Cuneiform
ğ’´,U+12374,CUNEIFORM SIGN DAG3,Cuneiform
ğ’µ,U+12375,CUNEIFORM SIGN DISH PLUS SHU,Cuneiform
ğ’¶,U+12376,CUNEIFORM SIGN DUB TIMES SHE,Cuneiform
ğ’·,U+12377,CUNEIFORM SIGN EZEN TIMES GUD,Cuneiform
ğ’¸,U+12378,CUNEIFORM SIGN EZEN TIMES SHE,Cuneiform
ğ’¹,U+12379,CUNEIFORM SIGN GA2 TIMES AN PLUS KAK PLUS A,Cuneiform
ğ’º,U+1237A,CUNEIFORM SIGN GA2 TIMES ASH2,Cuneiform
ğ’»,U+1237B,CUNEIFORM SIGN GE22,Cuneiform
ğ’¼,U+1237C,CUNEIFORM SIGN GIG,Cuneiform
ğ’½,U+1237D,CUNEIFORM SIGN HUSH,Cuneiform
ğ’¾,U+1237E,CUNEIFORM SIGN KA TIMES ANSHE,Cuneiform
ğ’¿,U+1237F,CUNEIFORM SIGN KA TIMES ASH3,Cuneiform
ğ’€,U+12380,CUNEIFORM SIGN KA TIMES GISH,Cuneiform
ğ’,U+12381,CUNEIFORM SIGN KA TIMES GUD,Cuneiform
ğ’‚,U+12382,CUNEIFORM SIGN KA TIMES HI TIMES ASH2,Cuneiform
ğ’ƒ,U+12383,CUNEIFORM SIGN KA TIMES LUM,Cuneiform
ğ’„,U+12384,CUNEIFORM SIGN KA TIMES PA,Cuneiform
ğ’…,U+12385,CUNEIFORM SIGN KA TIMES SHUL,Cuneiform
ğ’†,U+12386,CUNEIFORM SIGN KA TIMES TU,Cuneiform
ğ’‡,U+12387,CUNEIFORM SIGN KA TIMES UR2,Cuneiform
ğ’ˆ,U+12388,CUNEIFORM SIGN LAGAB TIMES GI,Cuneiform
ğ’‰,U+12389,CUNEIFORM SIGN LU2 SHESHIG TIMES BAD,Cuneiform
ğ’Š,U+1238A,CUNEIFORM SIGN LU2 TIMES ESH2 PLUS LAL,Cuneiform
ğ’‹,U+1238B,CUNEIFORM SIGN LU2 TIMES SHU,Cuneiform
ğ’Œ,U+1238C,CUNEIFORM SIGN MESH,Cuneiform
ğ’,U+1238D,CUNEIFORM SIGN MUSH3 TIMES ZA,Cuneiform
ğ’,U+1238E,CUNEIFORM SIGN NA4,Cuneiform
ğ’,U+1238F,CUNEIFORM SIGN NIN,Cuneiform
ğ’,U+12390,CUNEIFORM SIGN NIN9,Cuneiform
ğ’‘,U+12391,CUNEIFORM SIGN NINDA2 TIMES BAL,Cuneiform
ğ’’,U+12392,CUNEIFORM SIGN NINDA2 TIMES GI,Cuneiform
ğ’“,U+12393,CUNEIFORM SIGN NU11 ROTATED NINETY DEGREES,Cuneiform
ğ’”,U+12394,CUNEIFORM SIGN PESH2 ASTERISK,Cuneiform
ğ’•,U+12395,CUNEIFORM SIGN PIR2,Cuneiform
ğ’–,U+12396,CUNEIFORM SIGN SAG TIMES IGI GUNU,Cuneiform
ğ’—,U+12397,CUNEIFORM SIGN TI2,Cuneiform
ğ’˜,U+12398,CUNEIFORM SIGN UM TIMES ME,Cuneiform
ğ’™,U+12399,CUNEIFORM SIGN U U,Cuneiform
ğ’€,U+12400,CUNEIFORM NUMERIC SIGN TWO ASH,Cuneiform Numbers and Punctuation
ğ’,U+12401,CUNEIFORM NUMERIC SIGN THREE ASH,Cuneiform Numbers and Punctuation
ğ’‚,U+12402,CUNEIFORM NUMERIC SIGN FOUR ASH,Cuneiform Numbers and Punctuation
ğ’ƒ,U+12403,CUNEIFORM NUMERIC SIGN FIVE ASH,Cuneiform Numbers and Punctuation
ğ’„,U+12404,CUNEIFORM NUMERIC SIGN SIX ASH,Cuneiform Numbers and Punctuation
ğ’…,U+12405,CUNEIFORM NUMERIC SIGN SEVEN ASH,Cuneiform Numbers and Punctuation
ğ’†,U+12406,CUNEIFORM NUMERIC SIGN EIGHT ASH,Cuneiform Numbers and Punctuation
ğ’‡,U+12407,CUNEIFORM NUMERIC SIGN NINE ASH,Cuneiform Numbers and Punctuation
ğ’ˆ,U+12408,CUNEIFORM NUMERIC SIGN THREE DISH,Cuneiform Numbers and Punctuation
ğ’‰,U+12409,CUNEIFORM NUMERIC SIGN FOUR DISH,Cuneiform Numbers and Punctuation
ğ’Š,U+1240A,CUNEIFORM NUMERIC SIGN FIVE DISH,Cuneiform Numbers and Punctuation
ğ’‹,U+1240B,CUNEIFORM NUMERIC SIGN SIX DISH,Cuneiform Numbers and Punctuation
ğ’Œ,U+1240C,CUNEIFORM NUMERIC SIGN SEVEN DISH,Cuneiform Numbers and Punctuation
ğ’,U+1240D,CUNEIFORM NUMERIC SIGN EIGHT DISH,Cuneiform Numbers and Punctuation
ğ’,U+1240E,CUNEIFORM NUMERIC SIGN NINE DISH,Cuneiform Numbers and Punctuation
ğ’,U+1240F,CUNEIFORM NUMERIC SIGN FOUR U,Cuneiform Numbers and Punctuation
ğ’,U+12410,CUNEIFORM NUMERIC SIGN FIVE U,Cuneiform Numbers and Punctuation
ğ’‘,U+12411,CUNEIFORM NUMERIC SIGN SIX U,Cuneiform Numbers and Punctuation
ğ’’,U+12412,CUNEIFORM NUMERIC SIGN SEVEN U,Cuneiform Numbers and Punctuation
ğ’“,U+12413,CUNEIFORM NUMERIC SIGN EIGHT U,Cuneiform Numbers and Punctuation
ğ’”,U+12414,CUNEIFORM NUMERIC SIGN NINE U,Cuneiform Numbers and Punctuation
ğ’•,U+12415,CUNEIFORM NUMERIC SIGN ONE GESH2,Cuneiform Numbers and Punctuation
ğ’–,U+12416,CUNEIFORM NUMERIC SIGN TWO GESH2,Cuneiform Numbers and Punctuation
ğ’—,U+12417,CUNEIFORM NUMERIC SIGN THREE GESH2,Cuneiform Numbers and Punctuation
ğ’˜,U+12418,CUNEIFORM NUMERIC SIGN FOUR GESH2,Cuneiform Numbers and Punctuation
ğ’™,U+12419,CUNEIFORM NUMERIC SIGN FIVE GESH2,Cuneiform Numbers and Punctuation
ğ’š,U+1241A,CUNEIFORM NUMERIC SIGN SIX GESH2,Cuneiform Numbers and Punctuation
ğ’›,U+1241B,CUNEIFORM NUMERIC SIGN SEVEN GESH2,Cuneiform Numbers and Punctuation
ğ’œ,U+1241C,CUNEIFORM NUMERIC SIGN EIGHT GESH2,Cuneiform Numbers and Punctuation
ğ’,U+1241D,CUNEIFORM NUMERIC SIGN NINE GESH2,Cuneiform Numbers and Punctuation
ğ’,U+1241E,CUNEIFORM NUMERIC SIGN ONE GESHU,Cuneiform Numbers and Punctuation
ğ’Ÿ,U+1241F,CUNEIFORM NUMERIC SIGN TWO GESHU,Cuneiform Numbers and Punctuation
ğ’ ,U+12420,CUNEIFORM NUMERIC SIGN THREE GESHU,Cuneiform Numbers and Punctuation
ğ’¡,U+12421,CUNEIFORM NUMERIC SIGN FOUR GESHU,Cuneiform Numbers and Punctuation
ğ’¢,U+12422,CUNEIFORM NUMERIC SIGN FIVE GESHU,Cuneiform Numbers and Punctuation
ğ’£,U+12423,CUNEIFORM NUMERIC SIGN TWO SHAR2,Cuneiform Numbers and Punctuation
ğ’¤,U+12424,CUNEIFORM NUMERIC SIGN THREE SHAR2,Cuneiform Numbers and Punctuation
ğ’¥,U+12425,CUNEIFORM NUMERIC SIGN THREE SHAR2 VARIANT FORM,Cuneiform Numbers and Punctuation
ğ’¦,U+12426,CUNEIFORM NUMERIC SIGN FOUR SHAR2,Cuneiform Numbers and Punctuation
ğ’§,U+12427,CUNEIFORM NUMERIC SIGN FIVE SHAR2,Cuneiform Numbers and Punctuation
ğ’¨,U+12428,CUNEIFORM NUMERIC SIGN SIX SHAR2,Cuneiform Numbers and Punctuation
ğ’©,U+12429,CUNEIFORM NUMERIC SIGN SEVEN SHAR2,Cuneiform Numbers and Punctuation
ğ’ª,U+1242A,CUNEIFORM NUMERIC SIGN EIGHT SHAR2,Cuneiform Numbers and Punctuation
ğ’«,U+1242B,CUNEIFORM NUMERIC SIGN NINE SHAR2,Cuneiform Numbers and Punctuation
ğ’¬,U+1242C,CUNEIFORM NUMERIC SIGN ONE SHARU,Cuneiform Numbers and Punctuation
ğ’­,U+1242D,CUNEIFORM NUMERIC SIGN TWO SHARU,Cuneiform Numbers and Punctuation
ğ’®,U+1242E,CUNEIFORM NUMERIC SIGN THREE SHARU,Cuneiform Numbers and Punctuation
ğ’¯,U+1242F,CUNEIFORM NUMERIC SIGN THREE SHARU VARIANT FORM,Cuneiform Numbers and Punctuation
ğ’°,U+12430,CUNEIFORM NUMERIC SIGN FOUR SHARU,Cuneiform Numbers and Punctuation
ğ’±,U+12431,CUNEIFORM NUMERIC SIGN FIVE SHARU,Cuneiform Numbers and Punctuation
ğ’²,U+12432,CUNEIFORM NUMERIC SIGN SHAR2 TIMES GAL PLUS DISH,Cuneiform Numbers and Punctuation
ğ’³,U+12433,CUNEIFORM NUMERIC SIGN SHAR2 TIMES GAL PLUS MIN,Cuneiform Numbers and Punctuation
ğ’´,U+12434,CUNEIFORM NUMERIC SIGN ONE BURU,Cuneiform Numbers and Punctuation
ğ’µ,U+12435,CUNEIFORM NUMERIC SIGN TWO BURU,Cuneiform Numbers and Punctuation
ğ’¶,U+12436,CUNEIFORM NUMERIC SIGN THREE BURU,Cuneiform Numbers and Punctuation
ğ’·,U+12437,CUNEIFORM NUMERIC SIGN THREE BURU VARIANT FORM,Cuneiform Numbers and Punctuation
ğ’¸,U+12438,CUNEIFORM NUMERIC SIGN FOUR BURU,Cuneiform Numbers and Punctuation
ğ’¹,U+12439,CUNEIFORM NUMERIC SIGN FIVE BURU,Cuneiform Numbers and Punctuation
ğ’º,U+1243A,CUNEIFORM NUMERIC SIGN THREE VARIANT FORM ESH16,Cuneiform Numbers and Punctuation
ğ’»,U+1243B,CUNEIFORM NUMERIC SIGN THREE VARIANT FORM ESH21,Cuneiform Numbers and Punctuation
ğ’¼,U+1243C,CUNEIFORM NUMERIC SIGN FOUR VARIANT FORM LIMMU,Cuneiform Numbers and Punctuation
ğ’½,U+1243D,CUNEIFORM NUMERIC SIGN FOUR VARIANT FORM LIMMU4,Cuneiform Numbers and Punctuation
ğ’¾,U+1243E,CUNEIFORM NUMERIC SIGN FOUR VARIANT FORM LIMMU A,Cuneiform Numbers and Punctuation
ğ’¿,U+1243F,CUNEIFORM NUMERIC SIGN FOUR VARIANT FORM LIMMU B,Cuneiform Numbers and Punctuation
ğ’‘€,U+12440,CUNEIFORM NUMERIC SIGN SIX VARIANT FORM ASH9,Cuneiform Numbers and Punctuation
ğ’‘,U+12441,CUNEIFORM NUMERIC SIGN SEVEN VARIANT FORM IMIN3,Cuneiform Numbers and Punctuation
ğ’‘‚,U+12442,CUNEIFORM NUMERIC SIGN SEVEN VARIANT FORM IMIN A,Cuneiform Numbers and Punctuation
ğ’‘ƒ,U+12443,CUNEIFORM NUMERIC SIGN SEVEN VARIANT FORM IMIN B,Cuneiform Numbers and Punctuation
ğ’‘„,U+12444,CUNEIFORM NUMERIC SIGN EIGHT VARIANT FORM USSU,Cuneiform Numbers and Punctuation
ğ’‘…,U+12445,CUNEIFORM NUMERIC SIGN EIGHT VARIANT FORM USSU3,Cuneiform Numbers and Punctuation
ğ’‘†,U+12446,CUNEIFORM NUMERIC SIGN NINE VARIANT FORM ILIMMU,Cuneiform Numbers and Punctuation
ğ’‘‡,U+12447,CUNEIFORM NUMERIC SIGN NINE VARIANT FORM ILIMMU3,Cuneiform Numbers and Punctuation
ğ’‘ˆ,U+12448,CUNEIFORM NUMERIC SIGN NINE VARIANT FORM ILIMMU4,Cuneiform Numbers and Punctuation
ğ’‘‰,U+12449,CUNEIFORM NUMERIC SIGN NINE VARIANT FORM ILIMMU A,Cuneiform Numbers and Punctuation
ğ’‘Š,U+1244A,CUNEIFORM NUMERIC SIGN TWO ASH TENU,Cuneiform Numbers and Punctuation
ğ’‘‹,U+1244B,CUNEIFORM NUMERIC SIGN THREE ASH TENU,Cuneiform Numbers and Punctuation
ğ’‘Œ,U+1244C,CUNEIFORM NUMERIC SIGN FOUR ASH TENU,Cuneiform Numbers and Punctuation
ğ’‘,U+1244D,CUNEIFORM NUMERIC SIGN FIVE ASH TENU,Cuneiform Numbers and Punctuation
ğ’‘,U+1244E,CUNEIFORM NUMERIC SIGN SIX ASH TENU,Cuneiform Numbers and Punctuation
ğ’‘,U+1244F,CUNEIFORM NUMERIC SIGN ONE BAN2,Cuneiform Numbers and Punctuation
ğ’‘,U+12450,CUNEIFORM NUMERIC SIGN TWO BAN2,Cuneiform Numbers and Punctuation
ğ’‘‘,U+12451,CUNEIFORM NUMERIC SIGN THREE BAN2,Cuneiform Numbers and Punctuation
ğ’‘’,U+12452,CUNEIFORM NUMERIC SIGN FOUR BAN2,Cuneiform Numbers and Punctuation
ğ’‘“,U+12453,CUNEIFORM NUMERIC SIGN FOUR BAN2 VARIANT FORM,Cuneiform Numbers and Punctuation
ğ’‘”,U+12454,CUNEIFORM NUMERIC SIGN FIVE BAN2,Cuneiform Numbers and Punctuation
ğ’‘•,U+12455,CUNEIFORM NUMERIC SIGN FIVE BAN2 VARIANT FORM,Cuneiform Numbers and Punctuation
ğ’‘–,U+12456,CUNEIFORM NUMERIC SIGN NIGIDAMIN,Cuneiform Numbers and Punctuation
ğ’‘—,U+12457,CUNEIFORM NUMERIC SIGN NIGIDAESH,Cuneiform Numbers and Punctuation
ğ’‘˜,U+12458,CUNEIFORM NUMERIC SIGN ONE ESHE3,Cuneiform Numbers and Punctuation
ğ’‘™,U+12459,CUNEIFORM NUMERIC SIGN TWO ESHE3,Cuneiform Numbers and Punctuation
ğ’‘š,U+1245A,CUNEIFORM NUMERIC SIGN ONE THIRD DISH,Cuneiform Numbers and Punctuation
ğ’‘›,U+1245B,CUNEIFORM NUMERIC SIGN TWO THIRDS DISH,Cuneiform Numbers and Punctuation
ğ’‘œ,U+1245C,CUNEIFORM NUMERIC SIGN FIVE SIXTHS DISH,Cuneiform Numbers and Punctuation
ğ’‘,U+1245D,CUNEIFORM NUMERIC SIGN ONE THIRD VARIANT FORM A,Cuneiform Numbers and Punctuation
ğ’‘,U+1245E,CUNEIFORM NUMERIC SIGN TWO THIRDS VARIANT FORM A,Cuneiform Numbers and Punctuation
ğ’‘Ÿ,U+1245F,CUNEIFORM NUMERIC SIGN ONE EIGHTH ASH,Cuneiform Numbers and Punctuation
ğ’‘ ,U+12460,CUNEIFORM NUMERIC SIGN ONE QUARTER ASH,Cuneiform Numbers and Punctuation
ğ’‘¡,U+12461,CUNEIFORM NUMERIC SIGN OLD ASSYRIAN ONE SIXTH,Cuneiform Numbers and Punctuation
ğ’‘¢,U+12462,CUNEIFORM NUMERIC SIGN OLD ASSYRIAN ONE QUARTER,Cuneiform Numbers and Punctuation
ğ’‘£,U+12463,CUNEIFORM NUMERIC SIGN ONE QUARTER GUR,Cuneiform Numbers and Punctuation
ğ’‘¤,U+12464,CUNEIFORM NUMERIC SIGN ONE HALF GUR,Cuneiform Numbers and Punctuation
ğ’‘¥,U+12465,CUNEIFORM NUMERIC SIGN ELAMITE ONE THIRD,Cuneiform Numbers and Punctuation
ğ’‘¦,U+12466,CUNEIFORM NUMERIC SIGN ELAMITE TWO THIRDS,Cuneiform Numbers and Punctuation
ğ’‘§,U+12467,CUNEIFORM NUMERIC SIGN ELAMITE FORTY,Cuneiform Numbers and Punctuation
ğ’‘¨,U+12468,CUNEIFORM NUMERIC SIGN ELAMITE FIFTY,Cuneiform Numbers and Punctuation
ğ’‘©,U+12469,CUNEIFORM NUMERIC SIGN FOUR U VARIANT FORM,Cuneiform Numbers and Punctuation
ğ’‘ª,U+1246A,CUNEIFORM NUMERIC SIGN FIVE U VARIANT FORM,Cuneiform Numbers and Punctuation
ğ’‘«,U+1246B,CUNEIFORM NUMERIC SIGN SIX U VARIANT FORM,Cuneiform Numbers and Punctuation
ğ’‘¬,U+1246C,CUNEIFORM NUMERIC SIGN SEVEN U VARIANT FORM,Cuneiform Numbers and Punctuation
ğ’‘­,U+1246D,CUNEIFORM NUMERIC SIGN EIGHT U VARIANT FORM,Cuneiform Numbers and Punctuation
ğ’‘®,U+1246E,CUNEIFORM NUMERIC SIGN NINE U VARIANT FORM,Cuneiform Numbers and Punctuation
ğ’‘°,U+12470,CUNEIFORM PUNCTUATION SIGN OLD ASSYRIAN WORD DIVIDER,Cuneiform Numbers and Punctuation
ğ’‘±,U+12471,CUNEIFORM PUNCTUATION SIGN VERTICAL COLON,Cuneiform Numbers and Punctuation
ğ’‘²,U+12472,CUNEIFORM PUNCTUATION SIGN DIAGONAL COLON,Cuneiform Numbers and Punctuation
ğ’‘³,U+12473,CUNEIFORM PUNCTUATION SIGN DIAGONAL TRICOLON,Cuneiform Numbers and Punctuation
ğ’‘´,U+12474,CUNEIFORM PUNCTUATION SIGN DIAGONAL QUADCOLON,Cuneiform Numbers and Punctuation
ğ’’€,U+12480,CUNEIFORM SIGN AB TIMES NUN TENU,Early Dynastic Cuneiform
ğ’’,U+12481,CUNEIFORM SIGN AB TIMES SHU2,Early Dynastic Cuneiform
ğ’’‚,U+12482,CUNEIFORM SIGN AD TIMES ESH2,Early Dynastic Cuneiform
ğ’’ƒ,U+12483,CUNEIFORM SIGN BAD TIMES DISH TENU,Early Dynastic Cuneiform
ğ’’„,U+12484,CUNEIFORM SIGN BAHAR2 TIMES AB2,Early Dynastic Cuneiform
ğ’’…,U+12485,CUNEIFORM SIGN BAHAR2 TIMES NI,Early Dynastic Cuneiform
ğ’’†,U+12486,CUNEIFORM SIGN BAHAR2 TIMES ZA,Early Dynastic Cuneiform
ğ’’‡,U+12487,CUNEIFORM SIGN BU OVER BU TIMES NA2,Early Dynastic Cuneiform
ğ’’ˆ,U+12488,CUNEIFORM SIGN DA TIMES TAK4,Early Dynastic Cuneiform
ğ’’‰,U+12489,CUNEIFORM SIGN DAG TIMES KUR,Early Dynastic Cuneiform
ğ’’Š,U+1248A,CUNEIFORM SIGN DIM TIMES IGI,Early Dynastic Cuneiform
ğ’’‹,U+1248B,CUNEIFORM SIGN DIM TIMES U U U,Early Dynastic Cuneiform
ğ’’Œ,U+1248C,CUNEIFORM SIGN DIM2 TIMES UD,Early Dynastic Cuneiform
ğ’’,U+1248D,CUNEIFORM SIGN DUG TIMES ANSHE,Early Dynastic Cuneiform
ğ’’,U+1248E,CUNEIFORM SIGN DUG TIMES ASH,Early Dynastic Cuneiform
ğ’’,U+1248F,CUNEIFORM SIGN DUG TIMES ASH AT LEFT,Early Dynastic Cuneiform
ğ’’,U+12490,CUNEIFORM SIGN DUG TIMES DIN,Early Dynastic Cuneiform
ğ’’‘,U+12491,CUNEIFORM SIGN DUG TIMES DUN,Early Dynastic Cuneiform
ğ’’’,U+12492,CUNEIFORM SIGN DUG TIMES ERIN2,Early Dynastic Cuneiform
ğ’’“,U+12493,CUNEIFORM SIGN DUG TIMES GA,Early Dynastic Cuneiform
ğ’’”,U+12494,CUNEIFORM SIGN DUG TIMES GI,Early Dynastic Cuneiform
ğ’’•,U+12495,CUNEIFORM SIGN DUG TIMES GIR2 GUNU,Early Dynastic Cuneiform
ğ’’–,U+12496,CUNEIFORM SIGN DUG TIMES GISH,Early Dynastic Cuneiform
ğ’’—,U+12497,CUNEIFORM SIGN DUG TIMES HA,Early Dynastic Cuneiform
ğ’’˜,U+12498,CUNEIFORM SIGN DUG TIMES HI,Early Dynastic Cuneiform
ğ’’™,U+12499,CUNEIFORM SIGN DUG TIMES IGI GUNU,Early Dynastic Cuneiform
ğ’’š,U+1249A,CUNEIFORM SIGN DUG TIMES KASKAL,Early Dynastic Cuneiform
ğ’’›,U+1249B,CUNEIFORM SIGN DUG TIMES KUR,Early Dynastic Cuneiform
ğ’’œ,U+1249C,CUNEIFORM SIGN DUG TIMES KUSHU2,Early Dynastic Cuneiform
ğ’’,U+1249D,CUNEIFORM SIGN DUG TIMES KUSHU2 PLUS KASKAL,Early Dynastic Cuneiform
ğ’’,U+1249E,CUNEIFORM SIGN DUG TIMES LAK-020,Early Dynastic Cuneiform
ğ’’Ÿ,U+1249F,CUNEIFORM SIGN DUG TIMES LAM,Early Dynastic Cuneiform
ğ’’ ,U+124A0,CUNEIFORM SIGN DUG TIMES LAM TIMES KUR,Early Dynastic Cuneiform
ğ’’¡,U+124A1,CUNEIFORM SIGN DUG TIMES LUH PLUS GISH,Early Dynastic Cuneiform
ğ’’¢,U+124A2,CUNEIFORM SIGN DUG TIMES MASH,Early Dynastic Cuneiform
ğ’’£,U+124A3,CUNEIFORM SIGN DUG TIMES MES,Early Dynastic Cuneiform
ğ’’¤,U+124A4,CUNEIFORM SIGN DUG TIMES MI,Early Dynastic Cuneiform
ğ’’¥,U+124A5,CUNEIFORM SIGN DUG TIMES NI,Early Dynastic Cuneiform
ğ’’¦,U+124A6,CUNEIFORM SIGN DUG TIMES PI,Early Dynastic Cuneiform
ğ’’§,U+124A7,CUNEIFORM SIGN DUG TIMES SHE,Early Dynastic Cuneiform
ğ’’¨,U+124A8,CUNEIFORM SIGN DUG TIMES SI GUNU,Early Dynastic Cuneiform
ğ’’©,U+124A9,CUNEIFORM SIGN E2 TIMES KUR,Early Dynastic Cuneiform
ğ’’ª,U+124AA,CUNEIFORM SIGN E2 TIMES PAP,Early Dynastic Cuneiform
ğ’’«,U+124AB,CUNEIFORM SIGN ERIN2 X,Early Dynastic Cuneiform
ğ’’¬,U+124AC,CUNEIFORM SIGN ESH2 CROSSING ESH2,Early Dynastic Cuneiform
ğ’’­,U+124AD,CUNEIFORM SIGN EZEN SHESHIG TIMES ASH,Early Dynastic Cuneiform
ğ’’®,U+124AE,CUNEIFORM SIGN EZEN SHESHIG TIMES HI,Early Dynastic Cuneiform
ğ’’¯,U+124AF,CUNEIFORM SIGN EZEN SHESHIG TIMES IGI GUNU,Early Dynastic Cuneiform
ğ’’°,U+124B0,CUNEIFORM SIGN EZEN SHESHIG TIMES LA,Early Dynastic Cuneiform
ğ’’±,U+124B1,CUNEIFORM SIGN EZEN SHESHIG TIMES LAL,Early Dynastic Cuneiform
ğ’’²,U+124B2,CUNEIFORM SIGN EZEN SHESHIG TIMES ME,Early Dynastic Cuneiform
ğ’’³,U+124B3,CUNEIFORM SIGN EZEN SHESHIG TIMES MES,Early Dynastic Cuneiform
ğ’’´,U+124B4,CUNEIFORM SIGN EZEN SHESHIG TIMES SU,Early Dynastic Cuneiform
ğ’’µ,U+124B5,CUNEIFORM SIGN EZEN TIMES SU,Early Dynastic Cuneiform
ğ’’¶,U+124B6,CUNEIFORM SIGN GA2 TIMES BAHAR2,Early Dynastic Cuneiform
ğ’’·,U+124B7,CUNEIFORM SIGN GA2 TIMES DIM GUNU,Early Dynastic Cuneiform
ğ’’¸,U+124B8,CUNEIFORM SIGN GA2 TIMES DUG TIMES IGI GUNU,Early Dynastic Cuneiform
ğ’’¹,U+124B9,CUNEIFORM SIGN GA2 TIMES DUG TIMES KASKAL,Early Dynastic Cuneiform
ğ’’º,U+124BA,CUNEIFORM SIGN GA2 TIMES EREN,Early Dynastic Cuneiform
ğ’’»,U+124BB,CUNEIFORM SIGN GA2 TIMES GA,Early Dynastic Cuneiform
ğ’’¼,U+124BC,CUNEIFORM SIGN GA2 TIMES GAR PLUS DI,Early Dynastic Cuneiform
ğ’’½,U+124BD,CUNEIFORM SIGN GA2 TIMES GAR PLUS NE,Early Dynastic Cuneiform
ğ’’¾,U+124BE,CUNEIFORM SIGN GA2 TIMES HA PLUS A,Early Dynastic Cuneiform
ğ’’¿,U+124BF,CUNEIFORM SIGN GA2 TIMES KUSHU2 PLUS KASKAL,Early Dynastic Cuneiform
ğ’“€,U+124C0,CUNEIFORM SIGN GA2 TIMES LAM,Early Dynastic Cuneiform
ğ’“,U+124C1,CUNEIFORM SIGN GA2 TIMES LAM TIMES KUR,Early Dynastic Cuneiform
ğ’“‚,U+124C2,CUNEIFORM SIGN GA2 TIMES LUH,Early Dynastic Cuneiform
ğ’“ƒ,U+124C3,CUNEIFORM SIGN GA2 TIMES MUSH,Early Dynastic Cuneiform
ğ’“„,U+124C4,CUNEIFORM SIGN GA2 TIMES NE,Early Dynastic Cuneiform
ğ’“…,U+124C5,CUNEIFORM SIGN GA2 TIMES NE PLUS E2,Early Dynastic Cuneiform
ğ’“†,U+124C6,CUNEIFORM SIGN GA2 TIMES NE PLUS GI,Early Dynastic Cuneiform
ğ’“‡,U+124C7,CUNEIFORM SIGN GA2 TIMES SHIM,Early Dynastic Cuneiform
ğ’“ˆ,U+124C8,CUNEIFORM SIGN GA2 TIMES ZIZ2,Early Dynastic Cuneiform
ğ’“‰,U+124C9,CUNEIFORM SIGN GABA ROTATED NINETY DEGREES,Early Dynastic Cuneiform
ğ’“Š,U+124CA,CUNEIFORM SIGN GESHTIN TIMES U,Early Dynastic Cuneiform
ğ’“‹,U+124CB,CUNEIFORM SIGN GISH TIMES GISH CROSSING GISH,Early Dynastic Cuneiform
ğ’“Œ,U+124CC,CUNEIFORM SIGN GU2 TIMES IGI GUNU,Early Dynastic Cuneiform
ğ’“,U+124CD,CUNEIFORM SIGN GUD PLUS GISH TIMES TAK4,Early Dynastic Cuneiform
ğ’“,U+124CE,CUNEIFORM SIGN HA TENU GUNU,Early Dynastic Cuneiform
ğ’“,U+124CF,CUNEIFORM SIGN HI TIMES ASH OVER HI TIMES ASH,Early Dynastic Cuneiform
ğ’“,U+124D0,CUNEIFORM SIGN KA TIMES BU,Early Dynastic Cuneiform
ğ’“‘,U+124D1,CUNEIFORM SIGN KA TIMES KA,Early Dynastic Cuneiform
ğ’“’,U+124D2,CUNEIFORM SIGN KA TIMES U U U,Early Dynastic Cuneiform
ğ’““,U+124D3,CUNEIFORM SIGN KA TIMES UR,Early Dynastic Cuneiform
ğ’“”,U+124D4,CUNEIFORM SIGN LAGAB TIMES ZU OVER ZU,Early Dynastic Cuneiform
ğ’“•,U+124D5,CUNEIFORM SIGN LAK-003,Early Dynastic Cuneiform
ğ’“–,U+124D6,CUNEIFORM SIGN LAK-021,Early Dynastic Cuneiform
ğ’“—,U+124D7,CUNEIFORM SIGN LAK-025,Early Dynastic Cuneiform
ğ’“˜,U+124D8,CUNEIFORM SIGN LAK-030,Early Dynastic Cuneiform
ğ’“™,U+124D9,CUNEIFORM SIGN LAK-050,Early Dynastic Cuneiform
ğ’“š,U+124DA,CUNEIFORM SIGN LAK-051,Early Dynastic Cuneiform
ğ’“›,U+124DB,CUNEIFORM SIGN LAK-062,Early Dynastic Cuneiform
ğ’“œ,U+124DC,CUNEIFORM SIGN LAK-079 OVER LAK-079 GUNU,Early Dynastic Cuneiform
ğ’“,U+124DD,CUNEIFORM SIGN LAK-080,Early Dynastic Cuneiform
ğ’“,U+124DE,CUNEIFORM SIGN LAK-081 OVER LAK-081,Early Dynastic Cuneiform
ğ’“Ÿ,U+124DF,CUNEIFORM SIGN LAK-092,Early Dynastic Cuneiform
ğ’“ ,U+124E0,CUNEIFORM SIGN LAK-130,Early Dynastic Cuneiform
ğ’“¡,U+124E1,CUNEIFORM SIGN LAK-142,Early Dynastic Cuneiform
ğ’“¢,U+124E2,CUNEIFORM SIGN LAK-210,Early Dynastic Cuneiform
ğ’“£,U+124E3,CUNEIFORM SIGN LAK-219,Early Dynastic Cuneiform
ğ’“¤,U+124E4,CUNEIFORM SIGN LAK-220,Early Dynastic Cuneiform
ğ’“¥,U+124E5,CUNEIFORM SIGN LAK-225,Early Dynastic Cuneiform
ğ’“¦,U+124E6,CUNEIFORM SIGN LAK-228,Early Dynastic Cuneiform
ğ’“§,U+124E7,CUNEIFORM SIGN LAK-238,Early Dynastic Cuneiform
ğ’“¨,U+124E8,CUNEIFORM SIGN LAK-265,Early Dynastic Cuneiform
ğ’“©,U+124E9,CUNEIFORM SIGN LAK-266,Early Dynastic Cuneiform
ğ’“ª,U+124EA,CUNEIFORM SIGN LAK-343,Early Dynastic Cuneiform
ğ’“«,U+124EB,CUNEIFORM SIGN LAK-347,Early Dynastic Cuneiform
ğ’“¬,U+124EC,CUNEIFORM SIGN LAK-348,Early Dynastic Cuneiform
ğ’“­,U+124ED,CUNEIFORM SIGN LAK-383,Early Dynastic Cuneiform
ğ’“®,U+124EE,CUNEIFORM SIGN LAK-384,Early Dynastic Cuneiform
ğ’“¯,U+124EF,CUNEIFORM SIGN LAK-390,Early Dynastic Cuneiform
ğ’“°,U+124F0,CUNEIFORM SIGN LAK-441,Early Dynastic Cuneiform
ğ’“±,U+124F1,CUNEIFORM SIGN LAK-449,Early Dynastic Cuneiform
ğ’“²,U+124F2,CUNEIFORM SIGN LAK-449 TIMES GU,Early Dynastic Cuneiform
ğ’“³,U+124F3,CUNEIFORM SIGN LAK-449 TIMES IGI,Early Dynastic Cuneiform
ğ’“´,U+124F4,CUNEIFORM SIGN LAK-449 TIMES PAP PLUS LU3,Early Dynastic Cuneiform
ğ’“µ,U+124F5,CUNEIFORM SIGN LAK-449 TIMES PAP PLUS PAP PLUS LU3,Early Dynastic Cuneiform
ğ’“¶,U+124F6,CUNEIFORM SIGN LAK-449 TIMES U2 PLUS BA,Early Dynastic Cuneiform
ğ’“·,U+124F7,CUNEIFORM SIGN LAK-450,Early Dynastic Cuneiform
ğ’“¸,U+124F8,CUNEIFORM SIGN LAK-457,Early Dynastic Cuneiform
ğ’“¹,U+124F9,CUNEIFORM SIGN LAK-470,Early Dynastic Cuneiform
ğ’“º,U+124FA,CUNEIFORM SIGN LAK-483,Early Dynastic Cuneiform
ğ’“»,U+124FB,CUNEIFORM SIGN LAK-490,Early Dynastic Cuneiform
ğ’“¼,U+124FC,CUNEIFORM SIGN LAK-492,Early Dynastic Cuneiform
ğ’“½,U+124FD,CUNEIFORM SIGN LAK-493,Early Dynastic Cuneiform
ğ’“¾,U+124FE,CUNEIFORM SIGN LAK-495,Early Dynastic Cuneiform
ğ’“¿,U+124FF,CUNEIFORM SIGN LAK-550,Early Dynastic Cuneiform
ğ’”€,U+12500,CUNEIFORM SIGN LAK-608,Early Dynastic Cuneiform
ğ’”,U+12501,CUNEIFORM SIGN LAK-617,Early Dynastic Cuneiform
ğ’”‚,U+12502,CUNEIFORM SIGN LAK-617 TIMES ASH,Early Dynastic Cuneiform
ğ’”ƒ,U+12503,CUNEIFORM SIGN LAK-617 TIMES BAD,Early Dynastic Cuneiform
ğ’”„,U+12504,CUNEIFORM SIGN LAK-617 TIMES DUN3 GUNU GUNU,Early Dynastic Cuneiform
ğ’”…,U+12505,CUNEIFORM SIGN LAK-617 TIMES KU3,Early Dynastic Cuneiform
ğ’”†,U+12506,CUNEIFORM SIGN LAK-617 TIMES LA,Early Dynastic Cuneiform
ğ’”‡,U+12507,CUNEIFORM SIGN LAK-617 TIMES TAR,Early Dynastic Cuneiform
ğ’”ˆ,U+12508,CUNEIFORM SIGN LAK-617 TIMES TE,Early Dynastic Cuneiform
ğ’”‰,U+12509,CUNEIFORM SIGN LAK-617 TIMES U2,Early Dynastic Cuneiform
ğ’”Š,U+1250A,CUNEIFORM SIGN LAK-617 TIMES UD,Early Dynastic Cuneiform
ğ’”‹,U+1250B,CUNEIFORM SIGN LAK-617 TIMES URUDA,Early Dynastic Cuneiform
ğ’”Œ,U+1250C,CUNEIFORM SIGN LAK-636,Early Dynastic Cuneiform
ğ’”,U+1250D,CUNEIFORM SIGN LAK-648,Early Dynastic Cuneiform
ğ’”,U+1250E,CUNEIFORM SIGN LAK-648 TIMES DUB,Early Dynastic Cuneiform
ğ’”,U+1250F,CUNEIFORM SIGN LAK-648 TIMES GA,Early Dynastic Cuneiform
ğ’”,U+12510,CUNEIFORM SIGN LAK-648 TIMES IGI,Early Dynastic Cuneiform
ğ’”‘,U+12511,CUNEIFORM SIGN LAK-648 TIMES IGI GUNU,Early Dynastic Cuneiform
ğ’”’,U+12512,CUNEIFORM SIGN LAK-648 TIMES NI,Early Dynastic Cuneiform
ğ’”“,U+12513,CUNEIFORM SIGN LAK-648 TIMES PAP PLUS PAP PLUS LU3,Early Dynastic Cuneiform
ğ’””,U+12514,CUNEIFORM SIGN LAK-648 TIMES SHESH PLUS KI,Early Dynastic Cuneiform
ğ’”•,U+12515,CUNEIFORM SIGN LAK-648 TIMES UD,Early Dynastic Cuneiform
ğ’”–,U+12516,CUNEIFORM SIGN LAK-648 TIMES URUDA,Early Dynastic Cuneiform
ğ’”—,U+12517,CUNEIFORM SIGN LAK-724,Early Dynastic Cuneiform
ğ’”˜,U+12518,CUNEIFORM SIGN LAK-749,Early Dynastic Cuneiform
ğ’”™,U+12519,CUNEIFORM SIGN LU2 GUNU TIMES ASH,Early Dynastic Cuneiform
ğ’”š,U+1251A,CUNEIFORM SIGN LU2 TIMES DISH,Early Dynastic Cuneiform
ğ’”›,U+1251B,CUNEIFORM SIGN LU2 TIMES HAL,Early Dynastic Cuneiform
ğ’”œ,U+1251C,CUNEIFORM SIGN LU2 TIMES PAP,Early Dynastic Cuneiform
ğ’”,U+1251D,CUNEIFORM SIGN LU2 TIMES PAP PLUS PAP PLUS LU3,Early Dynastic Cuneiform
ğ’”,U+1251E,CUNEIFORM SIGN LU2 TIMES TAK4,Early Dynastic Cuneiform
ğ’”Ÿ,U+1251F,CUNEIFORM SIGN MI PLUS ZA7,Early Dynastic Cuneiform
ğ’” ,U+12520,CUNEIFORM SIGN MUSH OVER MUSH TIMES GA,Early Dynastic Cuneiform
ğ’”¡,U+12521,CUNEIFORM SIGN MUSH OVER MUSH TIMES KAK,Early Dynastic Cuneiform
ğ’”¢,U+12522,CUNEIFORM SIGN NINDA2 TIMES DIM GUNU,Early Dynastic Cuneiform
ğ’”£,U+12523,CUNEIFORM SIGN NINDA2 TIMES GISH,Early Dynastic Cuneiform
ğ’”¤,U+12524,CUNEIFORM SIGN NINDA2 TIMES GUL,Early Dynastic Cuneiform
ğ’”¥,U+12525,CUNEIFORM SIGN NINDA2 TIMES HI,Early Dynastic Cuneiform
ğ’”¦,U+12526,CUNEIFORM SIGN NINDA2 TIMES KESH2,Early Dynastic Cuneiform
ğ’”§,U+12527,CUNEIFORM SIGN NINDA2 TIMES LAK-050,Early Dynastic Cuneiform
ğ’”¨,U+12528,CUNEIFORM SIGN NINDA2 TIMES MASH,Early Dynastic Cuneiform
ğ’”©,U+12529,CUNEIFORM SIGN NINDA2 TIMES PAP PLUS PAP,Early Dynastic Cuneiform
ğ’”ª,U+1252A,CUNEIFORM SIGN NINDA2 TIMES U,Early Dynastic Cuneiform
ğ’”«,U+1252B,CUNEIFORM SIGN NINDA2 TIMES U PLUS U,Early Dynastic Cuneiform
ğ’”¬,U+1252C,CUNEIFORM SIGN NINDA2 TIMES URUDA,Early Dynastic Cuneiform
ğ’”­,U+1252D,CUNEIFORM SIGN SAG GUNU TIMES HA,Early Dynastic Cuneiform
ğ’”®,U+1252E,CUNEIFORM SIGN SAG TIMES EN,Early Dynastic Cuneiform
ğ’”¯,U+1252F,CUNEIFORM SIGN SAG TIMES SHE AT LEFT,Early Dynastic Cuneiform
ğ’”°,U+12530,CUNEIFORM SIGN SAG TIMES TAK4,Early Dynastic Cuneiform
ğ’”±,U+12531,CUNEIFORM SIGN SHA6 TENU,Early Dynastic Cuneiform
ğ’”²,U+12532,CUNEIFORM SIGN SHE OVER SHE,Early Dynastic Cuneiform
ğ’”³,U+12533,CUNEIFORM SIGN SHE PLUS HUB2,Early Dynastic Cuneiform
ğ’”´,U+12534,CUNEIFORM SIGN SHE PLUS NAM2,Early Dynastic Cuneiform
ğ’”µ,U+12535,CUNEIFORM SIGN SHE PLUS SAR,Early Dynastic Cuneiform
ğ’”¶,U+12536,CUNEIFORM SIGN SHU2 PLUS DUG TIMES NI,Early Dynastic Cuneiform
ğ’”·,U+12537,CUNEIFORM SIGN SHU2 PLUS E2 TIMES AN,Early Dynastic Cuneiform
ğ’”¸,U+12538,CUNEIFORM SIGN SI TIMES TAK4,Early Dynastic Cuneiform
ğ’”¹,U+12539,CUNEIFORM SIGN TAK4 PLUS SAG,Early Dynastic Cuneiform
ğ’”º,U+1253A,CUNEIFORM SIGN TUM TIMES GAN2 TENU,Early Dynastic Cuneiform
ğ’”»,U+1253B,CUNEIFORM SIGN TUM TIMES THREE DISH,Early Dynastic Cuneiform
ğ’”¼,U+1253C,CUNEIFORM SIGN UR2 INVERTED,Early Dynastic Cuneiform
ğ’”½,U+1253D,CUNEIFORM SIGN UR2 TIMES UD,Early Dynastic Cuneiform
ğ’”¾,U+1253E,CUNEIFORM SIGN URU TIMES DARA3,Early Dynastic Cuneiform
ğ’”¿,U+1253F,CUNEIFORM SIGN URU TIMES LAK-668,Early Dynastic Cuneiform
ğ’•€,U+12540,CUNEIFORM SIGN URU TIMES LU3,Early Dynastic Cuneiform
ğ’•,U+12541,CUNEIFORM SIGN ZA7,Early Dynastic Cuneiform
ğ’•‚,U+12542,CUNEIFORM SIGN ZU OVER ZU PLUS SAR,Early Dynastic Cuneiform
ğ’•ƒ,U+12543,CUNEIFORM SIGN ZU5 TIMES THREE DISH TENU,Early Dynastic Cuneiform
